FILENAME,LIBRARY NAME,SUPPLIER,URL
AEROJet_Blast Off Clean_344 Audio_Air Designed.wav,Air Designed,344 Audio,https://sonniss.com/sound-effects/air-designed/
AEROJet_Unidentified Encounter_344 Audio_Air Designed.wav,Air Designed,344 Audio,https://sonniss.com/sound-effects/air-designed/
VOXMale_Boxer Level Up 1_344 Audio_Anime Fight Voices.wav,Anime Fight Voices Vol. 1,344 Audio,https://sonniss.com/sound-effects/anime-fight-voices-vol-1/
"VOXMale_Male Adventurer, Active Yell 19_344 Audio_Anime Fight Voices.wav",Anime Fight Voices Vol. 1,344 Audio,https://sonniss.com/sound-effects/anime-fight-voices-vol-1/
"VOXMale_Warrior Opponent Attack, 'Ai yah' 2_344 Audio_Anime Fight Voices.wav",Anime Fight Voices Vol. 1,344 Audio,https://sonniss.com/sound-effects/anime-fight-voices-vol-1/
"VOXFem_Anime, Adult Warrior Breaths 40_344 Audio_Anime Fight Voices Vol 2.wav",Anime Fight Voices Vol. 2,344 Audio,https://sonniss.com/sound-effects/anime-fight-voices-vol-2/
"VOXFem_Anime, Schoolgirl Fight Exhale 15_344 Audio_Anime Fight Voices Vol 2.wav",Anime Fight Voices Vol. 2,344 Audio,https://sonniss.com/sound-effects/anime-fight-voices-vol-2/
"VOXFem_Anime, Warrior Elf Princess Aggressive Yell_344 Audio_Anime Fight Voices Vol 2_14.wav",Anime Fight Voices Vol. 2,344 Audio,https://sonniss.com/sound-effects/anime-fight-voices-vol-2/
PAPRMisc_Antique Books Flicking Through Pages 11_344 Audio_Antiques - Books.wav,Antique Books,344 Audio,https://sonniss.com/sound-effects/antique-books/
PAPRMisc_Antique Books Slow Page Turns 6_344 Audio_Antiques - Books.wav,Antique Books,344 Audio,https://sonniss.com/sound-effects/antique-books/
PAPRMisc_Pile Of Antique Books Falling Over 8_344 Audio_Antiques - Books.wav,Antique Books,344 Audio,https://sonniss.com/sound-effects/antique-books/
CLOCKTick_Crooked Antique Clock_344 Audio_Antique Clocks.wav,Antique Clocks,344 Audio,https://sonniss.com/sound-effects/antique-clocks/
CLOCKTick_You're Running Late _344 Audio_Antique Clocks.wav,Antique Clocks,344 Audio,https://sonniss.com/sound-effects/antique-clocks/
"OBJLug_Rumaging Through Suitcase, Antique Suitcase_344 Audio_Antiques - Luggage_02.wav",Antique Luggage,344 Audio,https://sonniss.com/sound-effects/antique-luggage/
"OBJLug_Suitcase Being Locked, Antique Suitcase 1_344 Audio_Antiques - Luggage.wav",Antique Luggage,344 Audio,https://sonniss.com/sound-effects/antique-luggage/
"OBJLug_Suitcase Opening and Closing, Antique Suitcase_344 Audio_Antiques - Luggage_01.wav",Antique Luggage,344 Audio,https://sonniss.com/sound-effects/antique-luggage/
METLMvmt_  Antique Measuring Tape_344 Audio_Antique Small Metals.wav,Antique Small Metals,344 Audio,https://sonniss.com/sound-effects/antique-small-metals/
METLMvmt_  Opening Lid Of Antique Blowtorch_344 Audio_Antique Small Metals.wav,Antique Small Metals,344 Audio,https://sonniss.com/sound-effects/antique-small-metals/
METLMvmt_  Tinkering Antique Lock_344 Audio_Antique Small Metals.wav,Antique Small Metals,344 Audio,https://sonniss.com/sound-effects/antique-small-metals/
COMTelph_Antique Telephone Ear Piece Falling Down_344 Audio_Antiques - Telephone_03.wav,Antique Telephone,344 Audio,https://sonniss.com/sound-effects/antique-telephone/
COMTelph_Antique Telephone Pick Up & Drop Ear Piece_344 Audio_Antiques - Telephone_05.wav,Antique Telephone,344 Audio,https://sonniss.com/sound-effects/antique-telephone/
COMTelph_Antique Telephone Rotary Dial Number  9_344 Audio_Antiques - Telephone.wav,Antique Telephone,344 Audio,https://sonniss.com/sound-effects/antique-telephone/
"COMType_Typewriter Carriage Movement, Typewriter_344 Audio_Antiques - Typewriter_01.wav",Antique Typewriter,344 Audio,https://sonniss.com/sound-effects/antique-typewriter/
"COMType_Typewriter Paper Movements, Typewriter 04_344 Audio_Antiques - Typewriter.wav",Antique Typewriter,344 Audio,https://sonniss.com/sound-effects/antique-typewriter/
"COMType_Typewriter Space Key, Typewriter 05_344 Audio_Antiques - Typewriter.wav",Antique Typewriter,344 Audio,https://sonniss.com/sound-effects/antique-typewriter/
"OBJFurn_Barber Chair, Foot Pump 4_344 Audio_Barbershop Vol 1.wav",Barbershop Vol. 1,344 Audio,https://sonniss.com/sound-effects/barbershop-vol-1/
"OBJMisc_Hair Dryer, On, Idle, Off 4_344 Audio_Barbershop Vol 1.wav",Barbershop Vol. 1,344 Audio,https://sonniss.com/sound-effects/barbershop-vol-1/
"OBJMisc_Spray Bottle, Spray 1_344 Audio_Barbershop Vol 1.wav",Barbershop Vol. 1,344 Audio,https://sonniss.com/sound-effects/barbershop-vol-1/
"OBJMisc_Hair Brush, Plastic Bristles, Brushing Hair_344 Audio_Barbershop Vol 2.wav",Barbershop Vol. 2,344 Audio,https://sonniss.com/sound-effects/barbershop-vol-2/
"OBJMisc_Hair Scissor, Snips 4_344 Audio_Barbershop Vol 2.wav",Barbershop Vol. 2,344 Audio,https://sonniss.com/sound-effects/barbershop-vol-2/
"OBJMisc_Wahl Sterling Trimmer, On, Idle, Off_344 Audio_Barbershop Vol 2.wav",Barbershop Vol. 2,344 Audio,https://sonniss.com/sound-effects/barbershop-vol-2/
DSGNBass_Bass Drop & Downer Fast 16_344 Audio_Bass Drops & Downers.wav,Bass Drops & Downers Vol. 1,344 Audio,https://sonniss.com/sound-effects/bass-drops-downers-vol-1/
DSGNBass_Bass Drop & Downer Medium 04_344 Audio_Bass Drops & Downers.wav,Bass Drops & Downers Vol. 1,344 Audio,https://sonniss.com/sound-effects/bass-drops-downers-vol-1/
DSGNBass_Bass Drop & Downer Slow 10_344 Audio_Bass Drops & Downers.wav,Bass Drops & Downers Vol. 1,344 Audio,https://sonniss.com/sound-effects/bass-drops-downers-vol-1/
DSGNBass_Bass Drop & Downer Fast 12_344 Audio_Bass Drops & Downers Vol 2.wav,Bass Drops & Downers Vol. 2,344 Audio,https://sonniss.com/sound-effects/bass-drops-downers-vol-2/
DSGNBass_Bass Drop & Downer Medium 15_344 Audio_Bass Drops & Downers Vol 2.wav,Bass Drops & Downers Vol. 2,344 Audio,https://sonniss.com/sound-effects/bass-drops-downers-vol-2/
DSGNBass_Bass Drop & Downer Slow 07_344 Audio_Bass Drops & Downers Vol 2.wav,Bass Drops & Downers Vol. 2,344 Audio,https://sonniss.com/sound-effects/bass-drops-downers-vol-2/
DSGNBass_Jump Start Drop 3_344 Audio_Bass Drops and Downers Vol 3.wav,Bass Drops & Downers Vol. 3,344 Audio,https://sonniss.com/sound-effects/bass-drops-downers-vol-3/
DSGNBass_Rattling Downer 3_344 Audio_Bass Drops and Downers Vol 3.wav,Bass Drops & Downers Vol. 3,344 Audio,https://sonniss.com/sound-effects/bass-drops-downers-vol-3/
DSGNBass_Tone Downer (Reverb)_344 Audio_Bass Drops and Downers Vol 3.wav,Bass Drops & Downers Vol. 3,344 Audio,https://sonniss.com/sound-effects/bass-drops-downers-vol-3/
"VOXMale_Police Radio, Burglary, Calm, Update, Warning_344 Audio_British Police Radio.wav",British Police Radio Vol. 1,344 Audio,https://sonniss.com/sound-effects/british-police-radio-vol-1/
"VOXMale_Police Radio, Car Theft, Relaxed, Update, Helpful_344 Audio_British Police Radio.wav",British Police Radio Vol. 1,344 Audio,https://sonniss.com/sound-effects/british-police-radio-vol-1/
"VOXMale_Police, Vehicle, Calm, 'Standing By'_344 Audio_British Police Radio.wav",British Police Radio Vol. 1,344 Audio,https://sonniss.com/sound-effects/british-police-radio-vol-1/
"VEHInt_CLIMATE CONTROL SYSTEM, FAN SPEED DIAL, FAST_344 Audio_Car Foley Vol 1.wav",Car Foley Vol. 1,344 Audio,https://sonniss.com/sound-effects/car-foley-vol-1/
"VEHInt_CUP HOLDER, RELEASE 1_344 Audio_Car Foley Vol 1.wav",Car Foley Vol. 1,344 Audio,https://sonniss.com/sound-effects/car-foley-vol-1/
"VEHInt_LIGHTING CONTROL, RELEASE, HEADLIGHT FLASH_344 Audio_Car Foley Vol 1.wav",Car Foley Vol. 1,344 Audio,https://sonniss.com/sound-effects/car-foley-vol-1/
"GAMECas_Automatic Shuffler, Shuffling 1_344 Audio_Casino Cards Vol 1.wav",Casino Cards Vol. 1,344 Audio,https://sonniss.com/sound-effects/casino-cards-vol-1/
GAMECas_Dealing 3_344 Audio_Casino Cards Vol 1.wav,Casino Cards Vol. 1,344 Audio,https://sonniss.com/sound-effects/casino-cards-vol-1/
GAMECas_Pick Up Multiple Cards At Once 5_344 Audio_Casino Cards Vol 1.wav,Casino Cards Vol. 1,344 Audio,https://sonniss.com/sound-effects/casino-cards-vol-1/
MAGMisc_Magic Christmas Bells 2_344 Audio_Christmas.wav,Christmas Vol. 1,344 Audio,https://sonniss.com/sound-effects/christmas-vol-1/
"MAGMisc_Sleigh Movement, Pulling_344 Audio_Christmas.wav",Christmas Vol. 1,344 Audio,https://sonniss.com/sound-effects/christmas-vol-1/
"MAGMisc_Wrapping Paper, Opening Present 1_344 Audio_Christmas.wav",Christmas Vol. 1,344 Audio,https://sonniss.com/sound-effects/christmas-vol-1/
"FOLYProp_Sitting Down, Creaky Seat, Squeaks 3_344 Audio_CInema Experience.wav",Cinema Experience Vol. 1,344 Audio,https://sonniss.com/sound-effects/cinema-experience-vol-1/
FOODMisc_Broom Sweeping Up Snacks On Hard Floor 2_344 Audio_CInema Experience.wav,Cinema Experience Vol. 1,344 Audio,https://sonniss.com/sound-effects/cinema-experience-vol-1/
"VOXReac_Spectator, Female, Various Questions_344 Audio_Cinema Experience.wav",Cinema Experience Vol. 1,344 Audio,https://sonniss.com/sound-effects/cinema-experience-vol-1/
"FGHTGrab_Choking, Tension 03_344 Audio_Cinematic Fight Vol 1.wav",Cinematic Fight Vol. 1,344 Audio,https://sonniss.com/sound-effects/cinematic-fight-vol-1/
"FGHTImpt_4 x Punch, Body 02_344 Audio_Cinematic Fight Vol 1.wav",Cinematic Fight Vol. 1,344 Audio,https://sonniss.com/sound-effects/cinematic-fight-vol-1/
"EQUISprt_Climbing Gear, Carabiner, Screwing Lock 01_344 Audio_Climbing Gear Foley Vol 1.wav",Climbing Gear Foley Vol. 1,344 Audio,https://sonniss.com/sound-effects/climbing-gear-foley-vol-1/
"EQUISprt_Climbing Gear, Flicking Carabiner On Rope_344 Audio_Climbing Gear Foley Vol 1.wav",Climbing Gear Foley Vol. 1,344 Audio,https://sonniss.com/sound-effects/climbing-gear-foley-vol-1/
ANMLRept_Hatchling Calling Out_344 Audio_Dinosaurs.wav,Dinosaurs Vol. 1,344 Audio,https://sonniss.com/sound-effects/dinosaurs-vol-1/
ANMLRept_Raptor Flair_344 Audio_Dinosaurs.wav,Dinosaurs Vol. 1,344 Audio,https://sonniss.com/sound-effects/dinosaurs-vol-1/
ANMLRept_T Rex_344 Audio_Dinosaurs.wav,Dinosaurs Vol. 1,344 Audio,https://sonniss.com/sound-effects/dinosaurs-vol-1/
ANMLRept_Dinosaur Eating Meat 01_344 Audio_Dinosaurs Vol 2.wav,Dinosaurs Vol. 2,344 Audio,https://sonniss.com/sound-effects/dinosaurs-vol-2/
ANMLRept_Dinosaur Egg Hatching 02_344 Audio_Dinosaurs Vol 2.wav,Dinosaurs Vol. 2,344 Audio,https://sonniss.com/sound-effects/dinosaurs-vol-2/
ANMLRept_Large Herbivore Roar 01_344 Audio_Dinosaurs Vol 2.wav,Dinosaurs Vol. 2,344 Audio,https://sonniss.com/sound-effects/dinosaurs-vol-2/
"ANMLDog_Dog Barks, Multiple, Indoors, Perspective,_344 Audio_Dog Vocalisations_02.wav",Dog Vocalisations Vol. 1,344 Audio,https://sonniss.com/sound-effects/dog-vocalisations-vol-1/
"ANMLDog_Dog Shuffle, Grunt, Movement, Lying Down_344 Audio_Dog Vocalisations.wav",Dog Vocalisations Vol. 1,344 Audio,https://sonniss.com/sound-effects/dog-vocalisations-vol-1/
"AMBSubn_Ambience, Forest Crickets, Birds, Connecticut 02_344 Audio_East Coast America.wav",East Coast America Vol. 1,344 Audio,https://sonniss.com/sound-effects/east-coast-america-vol-1/
"AMBSubn_Electricity Hum, Lightbulb,  Coil Pickup 01_344 Audio_East Coast America.wav",East Coast America Vol. 1,344 Audio,https://sonniss.com/sound-effects/east-coast-america-vol-1/
"METLMisc_Metal, Slow Whoosh, Rattle, Pass By x4 01_344 Audio_Elemental Palette Designed Vol 1.wav",Elemental Palette Designed Vol. 1,344 Audio,https://sonniss.com/sound-effects/elemental-palette-designed-vol-1/
"WATRMisc_Water, Liquid Impact, Bubble, Sci Fi, Hit 04_344 Audio_Elemental Palette Designed Vol 1.wav",Elemental Palette Designed Vol. 1,344 Audio,https://sonniss.com/sound-effects/elemental-palette-designed-vol-1/
"WINDDsgn_Wind, Rush, Whoosh, Long x5 01_344 Audio_Elemental Palette Designed Vol 1.wav",Elemental Palette Designed Vol. 1,344 Audio,https://sonniss.com/sound-effects/elemental-palette-designed-vol-1/
"METLFric_Large Metal Box, Drag, Geofon_344 Audio_Extreme Winds Vol 1.wav",Extreme Winds Vol. 1,344 Audio,https://sonniss.com/sound-effects/extreme-winds-vol-1/
"WINDDsgn_EXT, Eye Of The Storm_344 Audio_Extreme Winds Vol 1.wav",Extreme Winds Vol. 1,344 Audio,https://sonniss.com/sound-effects/extreme-winds-vol-1/
AMBDsgn_Evil Spell Ambience_344 Audio_Ghostly Presences.wav,Ghostly Presences Vol. 1,344 Audio,https://sonniss.com/sound-effects/ghostly-presences-vol-1/
"METLImpt_Metal Bangs, Metal Hits, Banging On Doors_344 Audio_Haunting Ambiences Vol 3.wav",Haunting Ambiences Vol. 3,344 Audio,https://sonniss.com/sound-effects/haunting-ambiences-vol-3/
"WOODImpt_Wooden Hit, Dark, Heavy Hit, Vampire's Prison_344 Audio_Haunting Ambiences Vol 3.wav",Haunting Ambiences Vol. 3,344 Audio,https://sonniss.com/sound-effects/haunting-ambiences-vol-3/
"FIRECrkl_Fire Crackling, Popping, Witch's Cauldron_344 Audio_Haunting Ambiences Vol 5.wav",Haunting Ambiences Vol. 5,344 Audio,https://sonniss.com/sound-effects/haunting-ambiences-vol-5/
"HMNBrth_Respirator, Specimen Breathing, Mad Scientist Lab_344 Audio_Haunting Ambiences Vol 5.wav",Haunting Ambiences Vol. 5,344 Audio,https://sonniss.com/sound-effects/haunting-ambiences-vol-5/
"WEAPArmr_Metal Shield Spin On Floor, Buckler MKH_344 Audio_Medieval Weapons Vol 2.wav",Historical Weapons Vol. 2,344 Audio,https://sonniss.com/sound-effects/historical-weapons-vol-2/
"WEAPBlnt_Spear And Stick Impact, Wooden MKH 2_344 Audio_Medieval Weapons Vol 2.wav",Historical Weapons Vol. 2,344 Audio,https://sonniss.com/sound-effects/historical-weapons-vol-2/
"WEAPSwrd_Sword Slide Cuts, Metallic, Impact CM4 2_344 Audio_Medieval Weapons Vol 2.wav",Historical Weapons Vol. 2,344 Audio,https://sonniss.com/sound-effects/historical-weapons-vol-2/
"ice, block of ice crushed, heavy-015.wav",100 kHz Designed Ice,Alexander Kopeikin,https://sonniss.com/sound-effects/alexander-kopeikin-100-khz-designed-ice/
"ice, crack, ice block snapping-001.wav",100 kHz Designed Ice,Alexander Kopeikin,https://sonniss.com/sound-effects/alexander-kopeikin-100-khz-designed-ice/
"ice, movement, ice drift, ice field cracking up, initial, wide-001.wav",100 kHz Designed Ice,Alexander Kopeikin,https://sonniss.com/sound-effects/alexander-kopeikin-100-khz-designed-ice/
"ice, surface cracking, fissure, fast, hard-003.wav",100 kHz Designed Ice,Alexander Kopeikin,https://sonniss.com/sound-effects/alexander-kopeikin-100-khz-designed-ice/
"magic, action gesture, evil presence, onslaught-004.wav",Emotion and Magic,Alexander Kopeikin,https://sonniss.com/sound-effects/emotion-and-magic-sound-effects-alexander-kopeikin/
"magic, drone, tension, spellbound, evanescence-002.wav",Emotion and Magic,Alexander Kopeikin,https://sonniss.com/sound-effects/emotion-and-magic-sound-effects-alexander-kopeikin/
"magic, energy flow, astonishment-001.wav",Emotion and Magic,Alexander Kopeikin,https://sonniss.com/sound-effects/emotion-and-magic-sound-effects-alexander-kopeikin/
"magic, energy flow, astral travel-015.wav",Emotion and Magic,Alexander Kopeikin,https://sonniss.com/sound-effects/emotion-and-magic-sound-effects-alexander-kopeikin/
GAMEMisc_Magic Creation 23_CB Sounddesign_APPlicable Sounds.wav,Applicable Sounds - Organic UI and Building Games SFX,CB_Sounddesign,https://sonniss.com/sound-effects/applicable-sounds-organic-ui-building-games-sfx/
TOONMisc_Bird Flutes 3_CB Sounddesign_APPlicable Sounds.wav,Applicable Sounds - Organic UI and Building Games SFX,CB_Sounddesign,https://sonniss.com/sound-effects/applicable-sounds-organic-ui-building-games-sfx/
UIMisc_Kalimba 3 Up_CB Sounddesign_APPlicable Sounds.wav,Applicable Sounds - Organic UI and Building Games SFX,CB_Sounddesign,https://sonniss.com/sound-effects/applicable-sounds-organic-ui-building-games-sfx/
UIMisc_Xylophone Ringtone 2_CB Sounddesign_APPlicable Sounds.wav,Applicable Sounds - Organic UI and Building Games SFX,CB_Sounddesign,https://sonniss.com/sound-effects/applicable-sounds-organic-ui-building-games-sfx/
Cartoon Bubbles Short.wav,Cartoon & Animation Vol 2,Cinematic Sound Design,https://sonniss.com/sound-effects/cartoon-animation-vol-2/
Cartoon Pull Swoosh Readout.wav,Cartoon & Animation Vol 2,Cinematic Sound Design,https://sonniss.com/sound-effects/cartoon-animation-vol-2/
Cartoon Transition Bass Down.wav,Cartoon & Animation Vol 2,Cinematic Sound Design,https://sonniss.com/sound-effects/cartoon-animation-vol-2/
Arrow Hit Rattle.wav,Cartoon Bloopers,Cinematic Sound Design,https://sonniss.com/sound-effects/cartoon-bloopers/
Cartoon Confused Dizzy.wav,Cartoon Bloopers,Cinematic Sound Design,https://sonniss.com/sound-effects/cartoon-bloopers/
Character Elf It Shall Be Done.wav,Cartoon Bloopers,Cinematic Sound Design,https://sonniss.com/sound-effects/cartoon-bloopers/
Cartoon Airy Impact Creaks.wav,Cartoon Impacts,Cinematic Sound Design,https://sonniss.com/sound-effects/cartoon-impacts/
Cartoon Pops Random Sequence Reverb.wav,Cartoon Impacts,Cinematic Sound Design,https://sonniss.com/sound-effects/cartoon-impacts/
Vibrato Impact Snap Spin Transition.wav,Cartoon Impacts,Cinematic Sound Design,https://sonniss.com/sound-effects/cartoon-impacts/
Impact Cut Sweep.wav,Colossal Impacts,Cinematic Sound Design,https://sonniss.com/sound-effects/colossal-impacts/
Transition Frantic Shaker Snap.wav,Colossal Impacts,Cinematic Sound Design,https://sonniss.com/sound-effects/colossal-impacts/
Woosh Debris.wav,Colossal Impacts,Cinematic Sound Design,https://sonniss.com/sound-effects/colossal-impacts/
Cofetti Whoosh Pluck Spill.wav,Hybrid Game & UI Elements,Cinematic Sound Design,https://sonniss.com/sound-effects/hybrid-game-ui-elements/
Foley Coin Flip Single Fast.wav,Hybrid Game & UI Elements,Cinematic Sound Design,https://sonniss.com/sound-effects/hybrid-game-ui-elements/
Game Entry Happy Short.wav,Hybrid Game & UI Elements,Cinematic Sound Design,https://sonniss.com/sound-effects/hybrid-game-ui-elements/
Interface Accept Glassy Snap.wav,Interface & Infographics,Cinematic Sound Design,https://sonniss.com/sound-effects/interface-infographics/
Interface Percussion Snap.wav,Interface & Infographics,Cinematic Sound Design,https://sonniss.com/sound-effects/interface-infographics/
Interface Pop High Short.wav,Interface & Infographics,Cinematic Sound Design,https://sonniss.com/sound-effects/interface-infographics/
A4 Printing Paper Rattle Page Turn Tail.wav,Paper Foley,Cinematic Sound Design,https://sonniss.com/sound-effects/paper-foley/
Encyclopedia Glossy Page Turn Muted.wav,Paper Foley,Cinematic Sound Design,https://sonniss.com/sound-effects/paper-foley/
Newspaper Static Foley Rummage.wav,Paper Foley,Cinematic Sound Design,https://sonniss.com/sound-effects/paper-foley/
Dark Industrial Ambience.wav,Sci-Fi Drones,Cinematic Sound Design,https://sonniss.com/sound-effects/sci-fi-drones/
Psycho Glitched Screechy Tones Noise.wav,Sci-Fi Drones,Cinematic Sound Design,https://sonniss.com/sound-effects/sci-fi-drones/
Roomtone Space Ship Interior Muted.wav,Sci-Fi Drones,Cinematic Sound Design,https://sonniss.com/sound-effects/sci-fi-drones/
Interface Arp Reveal Down Long.wav,System & UI Feedback Elements,Cinematic Sound Design,https://sonniss.com/sound-effects/system-ui-feedback-elements/
Interface Deny Low Fat Dark.wav,System & UI Feedback Elements,Cinematic Sound Design,https://sonniss.com/sound-effects/system-ui-feedback-elements/
Interface Sci-Fi Ping Down.wav,System & UI Feedback Elements,Cinematic Sound Design,https://sonniss.com/sound-effects/system-ui-feedback-elements/
Accept Boing Crunch.wav,UI Interaction Elements,Cinematic Sound Design,https://sonniss.com/sound-effects/ui-interaction-elements/
Deny Muted.wav,UI Interaction Elements,Cinematic Sound Design,https://sonniss.com/sound-effects/ui-interaction-elements/
Ting Coins.wav,UI Interaction Elements,Cinematic Sound Design,https://sonniss.com/sound-effects/ui-interaction-elements/
Impact Hit Rapid Chord Reverb.wav,Ultra Transitions & Impacts,Cinematic Sound Design,https://sonniss.com/sound-effects/ultra-transitions-impacts/
Transition Braam Slow Dark Creepy.wav,Ultra Transitions & Impacts,Cinematic Sound Design,https://sonniss.com/sound-effects/ultra-transitions-impacts/
Woosh Sweep Slide Infographics Basic.wav,Ultra Transitions & Impacts,Cinematic Sound Design,https://sonniss.com/sound-effects/ultra-transitions-impacts/
Button Arp Twinkle.wav,User Interface,Cinematic Sound Design,https://sonniss.com/sound-effects/user-interface/
Interface Plucks Happy.wav,User Interface,Cinematic Sound Design,https://sonniss.com/sound-effects/user-interface/
Readout Thin Long.wav,User Interface,Cinematic Sound Design,https://sonniss.com/sound-effects/user-interface/
METLFric_SWING SCRAPE Swift Melee Weapon Swing With A Long Blade 14_DDUMAIS_MWP2.wav,Melee Weapons Sound Effects Pack 2,David Dumais Audio,https://sonniss.com/sound-effects/melee-weapons-sound-effects-pack-2/
METLImpt_METAL SWING HIT Weapon Swing To Metallic Body Impact And Resonant Tail 01_DDUMAIS_MWP2.wav,Melee Weapons Sound Effects Pack 2,David Dumais Audio,https://sonniss.com/sound-effects/melee-weapons-sound-effects-pack-2/
SWSH_SWING IMPACTS Quick Heavy Weapon Swing To Thud Impact Var 01_DDUMAIS_MWP2.wav,Melee Weapons Sound Effects Pack 2,David Dumais Audio,https://sonniss.com/sound-effects/melee-weapons-sound-effects-pack-2/
WEAPWhip_WHIP Snap Crack 05_DDUMAIS_MWP2.wav,Melee Weapons Sound Effects Pack 2,David Dumais Audio,https://sonniss.com/sound-effects/melee-weapons-sound-effects-pack-2/
HMNBrth_British Detective Breathing Vocal Female Idle Annoyed Breath Grunt_ESM_AAAGCBFD.wav,AAA Game Character British Female Detective,Epic Stock Media,https://sonniss.com/sound-effects/aaa-game-character-british-female-detective/
VOXCry_British Detective Crying Vocal Female Low Energy Weep_ESM_AAAGCBFD.wav,AAA Game Character British Female Detective,Epic Stock Media,https://sonniss.com/sound-effects/aaa-game-character-british-female-detective/
VOXFem_British Detective Custom Lines Vocal Female In A World Of Lies And Deception Im The One They Turn To When They Need The Truth B_ESM_AAAGCBFD.wav,AAA Game Character British Female Detective,Epic Stock Media,https://sonniss.com/sound-effects/aaa-game-character-british-female-detective/
VOXReac_British Detective Pain Vocal Female Dying High Grunt Breath_ESM_AAAGCBFD.wav,AAA Game Character British Female Detective,Epic Stock Media,https://sonniss.com/sound-effects/aaa-game-character-british-female-detective/
HMNBrth_Police Officer Gasp Vocal Male Shocked Alert 1.wav,AAA Game Character Police Officer,Epic Stock Media,https://sonniss.com/sound-effects/aaa-game-character-police-officer/
HMNCough_Police Officer Cough Vocal Male 11.wav,AAA Game Character Police Officer,Epic Stock Media,https://sonniss.com/sound-effects/aaa-game-character-police-officer/
VOXLaff_Police Officer Laugh Vocal Male 1.wav,AAA Game Character Police Officer,Epic Stock Media,https://sonniss.com/sound-effects/aaa-game-character-police-officer/
VOXMale_Police Officer Custom Lines Vocal Male Emergency Shots Fired Need Backup.wav,AAA Game Character Police Officer,Epic Stock Media,https://sonniss.com/sound-effects/aaa-game-character-police-officer/
DSGNMisc_Misc Monster Tentacle Modulated Creature Shadow Abstract Swept Wobble Lfo 02_ESM_AG.wav,Anime Game,Epic Stock Media,https://sonniss.com/sound-effects/anime-game/
DSGNStngr_Power Up Bright Positive Successful Light Saturation Crash Shimmer 05_ESM_AG.wav,Anime Game,Epic Stock Media,https://sonniss.com/sound-effects/anime-game/
EXPLDsgn_Explosion Small Blast Enemy Death Crunchy Boom Cartoon Noisy Crash Impact Delay 03_ESM_AG.wav,Anime Game,Epic Stock Media,https://sonniss.com/sound-effects/anime-game/
FGHTImpt_Combat Punch Impact Light Hit Delay Crunchy Vintage Quick Smack 05_ESM_AG.wav,Anime Game,Epic Stock Media,https://sonniss.com/sound-effects/anime-game/
GAMEBoard_Event Board Reset Organic Multiple Pieces Wood Small 02_ESM_BG.wav,Board Game - Sound Set Kit for Tabletop and Digital Games,Epic Stock Media,https://sonniss.com/sound-effects/board-game-sound-set-kit-for-tabletop-and-digital-games/
GAMEBoard_Game Play Piece Action Organic Connect Dots Fall Bounce 04_ESM_BG.wav,Board Game - Sound Set Kit for Tabletop and Digital Games,Epic Stock Media,https://sonniss.com/sound-effects/board-game-sound-set-kit-for-tabletop-and-digital-games/
PAPRHndl_Game Play Cards Dry Show Flip Toss Disgard Near 12_ESM_BG.wav,Board Game - Sound Set Kit for Tabletop and Digital Games,Epic Stock Media,https://sonniss.com/sound-effects/board-game-sound-set-kit-for-tabletop-and-digital-games/
UIClick_UI Button Analog Vintage Double Click Neutral Dry Press 11_ESM_BG.wav,Board Game - Sound Set Kit for Tabletop and Digital Games,Epic Stock Media,https://sonniss.com/sound-effects/board-game-sound-set-kit-for-tabletop-and-digital-games/
ELECMisc_Impact Electric Tonal Deep Movement Motion Hiss Glitch 01_ESM_EMWI.wav,Elemental Mutation Whooshes and Impacts,Epic Stock Media,https://sonniss.com/sound-effects/elemental-mutation-whooshes-and-impacts/
FIREWhsh_Whoosh Fire Deep Growl Monster Saturated Crisp 03_ESM_EMWI.wav,Elemental Mutation Whooshes and Impacts,Epic Stock Media,https://sonniss.com/sound-effects/elemental-mutation-whooshes-and-impacts/
GLASMvmt_Whoosh Glass Crystal Fragments Sharp Shards Dry 05_ESM_EMWI.wav,Elemental Mutation Whooshes and Impacts,Epic Stock Media,https://sonniss.com/sound-effects/elemental-mutation-whooshes-and-impacts/
WATRImpt_Impact Water Deep Submerge Bubble Drown Ship Hit 05_ESM_EMWI.wav,Elemental Mutation Whooshes and Impacts,Epic Stock Media,https://sonniss.com/sound-effects/elemental-mutation-whooshes-and-impacts/
COMStatic_Radio Ham Loop Static Hum Active Powered On Garbled Noise 01_ESM_FA.wav,Fake Advertisements and Radio Sound Effects Audio Construction Kit,Epic Stock Media,https://sonniss.com/sound-effects/fake-advertisements-and-radio-sound-effects-audio-construction-kit/
VOXMale_Voice Wet Male Emergency Broadcast Announcement Dry War 01_ESM_FA.wav,Fake Advertisements and Radio Sound Effects Audio Construction Kit,Epic Stock Media,https://sonniss.com/sound-effects/fake-advertisements-and-radio-sound-effects-audio-construction-kit/
CLOTHFlp_Action Inventory Open Flip Cloth Canvas Bag Slide Light 02_ESM_FG2.wav,Fantasy Game 2 - Sound Kit for Enchanted Realms,Epic Stock Media,https://sonniss.com/sound-effects/fantasy-game-2-sound-kit-for-enchanted-realms/
GAMEMisc_Source Card Tarot Deck Generic Neutral Dry Heavy Shuffle 01_ESM_FG2.wav,Fantasy Game 2 - Sound Kit for Enchanted Realms,Epic Stock Media,https://sonniss.com/sound-effects/fantasy-game-2-sound-kit-for-enchanted-realms/
MAGAngl_Magic Light Spell Enchantment Potion Effect Tonal Bright 03_ESM_FG2.wav,Fantasy Game 2 - Sound Kit for Enchanted Realms,Epic Stock Media,https://sonniss.com/sound-effects/fantasy-game-2-sound-kit-for-enchanted-realms/
UIAlert_Collect Scifi Futuristic Electronic Bass Burst Sweep Heavy 04_ESM_FG2.wav,Fantasy Game 2 - Sound Kit for Enchanted Realms,Epic Stock Media,https://sonniss.com/sound-effects/fantasy-game-2-sound-kit-for-enchanted-realms/
CREABeast_Creature Werewolf Growl Menacing Monstrous 06_ESM_HALG.wav,Halloween Game - Haunted House and Horror Audio Scare Kit,Epic Stock Media,https://sonniss.com/sound-effects/halloween-game-haunted-house-and-horror-audio-scare-kit/
DSGNEthr_Jumpscare Vocal Aggressive Whisper Harsh Distortion 02_ESM_HALG.wav,Halloween Game - Haunted House and Horror Audio Scare Kit,Epic Stock Media,https://sonniss.com/sound-effects/halloween-game-haunted-house-and-horror-audio-scare-kit/
GORESplt_Gore Designed Transient Heavy Impact Smash 01_ESM_HALG.wav,Halloween Game - Haunted House and Horror Audio Scare Kit,Epic Stock Media,https://sonniss.com/sound-effects/halloween-game-haunted-house-and-horror-audio-scare-kit/
UIAlert_Alert Designed Transition Swell Creature Strange Alien Layered 01_ESM_HALG.wav,Halloween Game - Haunted House and Horror Audio Scare Kit,Epic Stock Media,https://sonniss.com/sound-effects/halloween-game-haunted-house-and-horror-audio-scare-kit/
ICEFric_Dry Ice High Metal Squeal Groan Bright Squeak Dissonant Short 13_ESM_HDGM.wav,HD Game Materials,Epic Stock Media,https://sonniss.com/sound-effects/hd-game-materials/
ICEFric_Dry Ice Squeak Metal Animal Mouse Imitation Short 07_ESM_HDGM.wav,HD Game Materials,Epic Stock Media,https://sonniss.com/sound-effects/hd-game-materials/
METLImpt_Metal Old File Impact Tap Against Tire Iron Metallic Hit 01_ESM_HDGM.wav,HD Game Materials,Epic Stock Media,https://sonniss.com/sound-effects/hd-game-materials/
WOODFric_Wood Shaker Microphone Head Roll Table Alternate Grainy 05_ESM_HDGM.wav,HD Game Materials,Epic Stock Media,https://sonniss.com/sound-effects/hd-game-materials/
MACHMech_Mechanism Counting Machine Interact Loose Container Short 01_ESM_HDLM.wav,HD Lock And Mechanism Sound Design Kit,Epic Stock Media,https://sonniss.com/sound-effects/hd-lock-and-mechanism-sound-design-kit/
MECHLtch_Click Deep Mechanism Latch Button Nearfield Thunk 02_ESM_HDLM.wav,HD Lock And Mechanism Sound Design Kit,Epic Stock Media,https://sonniss.com/sound-effects/hd-lock-and-mechanism-sound-design-kit/
MECHMisc_Tool Tape Measure Pull Retract Spring Slide Spin Long 07_ESM_HDLM.wav,HD Lock And Mechanism Sound Design Kit,Epic Stock Media,https://sonniss.com/sound-effects/hd-lock-and-mechanism-sound-design-kit/
METLTonl_Item Spring Wire Impact Flick Top Clatter Light Tap Roll Handling Short 01_ESM_HDLM.wav,HD Lock And Mechanism Sound Design Kit,Epic Stock Media,https://sonniss.com/sound-effects/hd-lock-and-mechanism-sound-design-kit/
CREAHmn_Designed Orc Male Attack Long Heavy Hit Charged Up 03_ESM_HC4.wav,Humanoid Creatures Vol 4 - Monstrous and Undead Creature Vocalization Sound Sets,Epic Stock Media,https://sonniss.com/sound-effects/humanoid-creatures-vol-4-monstrous-and-undead-creature-vocalization-sound-sets/
CREAMnstr_Designed Sea Beast Creature Pain Intense Yell Long 04_ESM_HC4.wav,Humanoid Creatures Vol 4 - Monstrous and Undead Creature Vocalization Sound Sets,Epic Stock Media,https://sonniss.com/sound-effects/humanoid-creatures-vol-4-monstrous-and-undead-creature-vocalization-sound-sets/
HMNBrth_Construction Kit Male Screeching Breath Inhale Weak Squeal 05_ESM_HC4.wav,Humanoid Creatures Vol 4 - Monstrous and Undead Creature Vocalization Sound Sets,Epic Stock Media,https://sonniss.com/sound-effects/humanoid-creatures-vol-4-monstrous-and-undead-creature-vocalization-sound-sets/
VOXReac_Construction Kit Male Flutter Death Vocal Stuttered Long 05_ESM_HC4.wav,Humanoid Creatures Vol 4 - Monstrous and Undead Creature Vocalization Sound Sets,Epic Stock Media,https://sonniss.com/sound-effects/humanoid-creatures-vol-4-monstrous-and-undead-creature-vocalization-sound-sets/
AEROInt_Airplane Interior Small Plane Cruise Altitude Calm Flight 01_ESM_CPS.wav,Public Spaces - Basic Transportation Sounds,Epic Stock Media,https://sonniss.com/sound-effects/public-spaces-basic-transportation-sounds/
AMBTraf_Downtown Construction Traffic Light Walla 03 Distant Beep_ESM_CPS.wav,Public Spaces - Basic Transportation Sounds,Epic Stock Media,https://sonniss.com/sound-effects/public-spaces-basic-transportation-sounds/
BOATMotr_Diesel Engine Boat Idle Steady Rpm Hum Motor Mic One 01_ESM_CPS.wav,Public Spaces - Basic Transportation Sounds,Epic Stock Media,https://sonniss.com/sound-effects/public-spaces-basic-transportation-sounds/
TRNElec_Electric Train Passby 02 Long Subway Slow_ESM_CPS.wav,Public Spaces - Basic Transportation Sounds,Epic Stock Media,https://sonniss.com/sound-effects/public-spaces-basic-transportation-sounds/
AMBPubl_Cruise Ship Walla Distant Adults Children Laughing Screaming 4_ESM_CPS.wav,Public Spaces - Crowds Walla and Everyday Ambiences,Epic Stock Media,https://sonniss.com/sound-effects/public-spaces-crowds-walla-and-everyday-ambiences/
AMBPubl_Metro Station Entrance Hall Dings Walla Footsteps 01 Women Shopping_ESM_CPS.wav,Public Spaces - Crowds Walla and Everyday Ambiences,Epic Stock Media,https://sonniss.com/sound-effects/public-spaces-crowds-walla-and-everyday-ambiences/
AMBWar_Paintball Match Firefight Shots Walla Nearfield Full 05_ESM_CPS.wav,Public Spaces - Crowds Walla and Everyday Ambiences,Epic Stock Media,https://sonniss.com/sound-effects/public-spaces-crowds-walla-and-everyday-ambiences/
CRWDChld_Walla Children Kids Daytime School Playing Laughing Playground 01_ESM_CPS.wav,Public Spaces - Crowds Walla and Everyday Ambiences,Epic Stock Media,https://sonniss.com/sound-effects/public-spaces-crowds-walla-and-everyday-ambiences/
AMBPark_Berlin City Humboldthain Park Strong Wind On Trees Foliage Traffic Wash 03_ESM_CPS.wav,Public Spaces - Storms Lakes Parks and Rural Nature Exteriors,Epic Stock Media,https://sonniss.com/sound-effects/public-spaces-storms-lakes-parks-and-rural-nature-exteriors/
STORM_Texas Rain Thunder Initial Crash Boom Storm 01 Clap Lightning_ESM_CPS.wav,Public Spaces - Storms Lakes Parks and Rural Nature Exteriors,Epic Stock Media,https://sonniss.com/sound-effects/public-spaces-storms-lakes-parks-and-rural-nature-exteriors/
WATRLap_Summer Tennessee Lake Dock Water Ripples Wake Wave Gentle 05 Distant_ESM_CPS.wav,Public Spaces - Storms Lakes Parks and Rural Nature Exteriors,Epic Stock Media,https://sonniss.com/sound-effects/public-spaces-storms-lakes-parks-and-rural-nature-exteriors/
AMBCnst_Baltimore Construction Streetside Heavy Machinery And Jakchammers 01_ESM_CPS.wav,Public Spaces - Urban Life Exteriors,Epic Stock Media,https://sonniss.com/sound-effects/public-spaces-urban-life-exteriors/
AMBTown_City Courtyard Calm Street Distant Traffic Children Playing 03_ESM_CPS.wav,Public Spaces - Urban Life Exteriors,Epic Stock Media,https://sonniss.com/sound-effects/public-spaces-urban-life-exteriors/
AMBUrbn_City Nightlife Ext Street In Reutersplatz German Walla Traffic 01_ESM_CPS.wav,Public Spaces - Urban Life Exteriors,Epic Stock Media,https://sonniss.com/sound-effects/public-spaces-urban-life-exteriors/
VOXFutz_Announcer Vocal Male Wet Countdown Ten Kills Remaining 03_ESM_SGAV.wav,Shooter Game Announcer Voice,Epic Stock Media,https://sonniss.com/sound-effects/shooter-game-announcer-voice/
VOXFutz_Announcer Vocal Male Wet Special Kill Laugh Monster Kill Hahaha 02_ESM_SGAV.wav,Shooter Game Announcer Voice,Epic Stock Media,https://sonniss.com/sound-effects/shooter-game-announcer-voice/
VOXMale_Announcer Vocal Male Dry Game Statement Objective Completed 04_ESM_SGAV.wav,Shooter Game Announcer Voice,Epic Stock Media,https://sonniss.com/sound-effects/shooter-game-announcer-voice/
VOXMale_Announcer Vocal Male Dry Special Kill Headshot 01_ESM_SGAV.wav,Shooter Game Announcer Voice,Epic Stock Media,https://sonniss.com/sound-effects/shooter-game-announcer-voice/
AMBRoom_Factory Loop Heavy Machinery Tonal Roomtone Dark Wind Vent_ESM_SGA3.wav,Strange Game Ambient Loops 3,Epic Stock Media,https://sonniss.com/sound-effects/strange-game-ambient-loops-3/
DSGNSynth_Dark Loop Mystic Forest Tonal Steady Synth_ESM_SGA3.wav,Strange Game Ambient Loops 3,Epic Stock Media,https://sonniss.com/sound-effects/strange-game-ambient-loops-3/
DSGNSynth_Scifi Loop Ship Reactor Synth Layer Layered Saw Buzz_ESM_SGA3.wav,Strange Game Ambient Loops 3,Epic Stock Media,https://sonniss.com/sound-effects/strange-game-ambient-loops-3/
MAGShim_Shimmer Loop Small Bell Metal Taps_ESM_SGA3.wav,Strange Game Ambient Loops 3,Epic Stock Media,https://sonniss.com/sound-effects/strange-game-ambient-loops-3/
AMBTrop_Loop Ambience Jungle Night Humid Birds Bug Chirps 01_ESM_SNLS.wav,Synthesized Nature Loops and Sounds,Epic Stock Media,https://sonniss.com/sound-effects/synthesized-nature-loops-and-sounds/
ANMLAmph_Animal Frog Echo Short Squished Frequency Formant 03_ESM_SNLS.wav,Synthesized Nature Loops and Sounds,Epic Stock Media,https://sonniss.com/sound-effects/synthesized-nature-loops-and-sounds/
FIREBurn_Loop Elements Fire Crackling Crunchy Flame Burn 03_ESM_SNLS.wav,Synthesized Nature Loops and Sounds,Epic Stock Media,https://sonniss.com/sound-effects/synthesized-nature-loops-and-sounds/
WINDInt_Loop Weather Wind Whipping Constricted Flow Turbulent 01_ESM_SNLS.wav,Synthesized Nature Loops and Sounds,Epic Stock Media,https://sonniss.com/sound-effects/synthesized-nature-loops-and-sounds/
DSGNStngr_Action Deploy Units Sword Slice Special Move Layered Swish 04_ESM_TDG.wav,Tower Defense Game,Epic Stock Media,https://sonniss.com/sound-effects/tower-defense-game/
ICEBrk_Skill Freeze Whoosh Break Impact Layered Movement Shatter 03_ESM_TDG.wav,Tower Defense Game,Epic Stock Media,https://sonniss.com/sound-effects/tower-defense-game/
ROBTMvmt_Tower Deploy Hitech Robot Motor Dark Thump Servo Whine 04_ESM_TDG.wav,Tower Defense Game,Epic Stock Media,https://sonniss.com/sound-effects/tower-defense-game/
WOODImpt_Hit Blood Spill Splat Wood Impact Light Hit Squelch Small Thump 03_ESM_TDG.wav,Tower Defense Game,Epic Stock Media,https://sonniss.com/sound-effects/tower-defense-game/
EffectiveTrailer_Alarms_Vol2_HalfNotes_003.wav,Effective Trailer Alarms Vol. 2,Federico Soler,https://sonniss.com/sound-effects/effective-trailer-alarms-vol-2/
EffectiveTrailer_Alarms_Vol2_QuarterNotes_013.wav,Effective Trailer Alarms Vol. 2,Federico Soler,https://sonniss.com/sound-effects/effective-trailer-alarms-vol-2/
EffectiveTrailer_Alarms_Vol2_WholeNotes_011.wav,Effective Trailer Alarms Vol. 2,Federico Soler,https://sonniss.com/sound-effects/effective-trailer-alarms-vol-2/
EffectiveTrailer_Booms_Vol2_011.wav,Effective Trailer Booms Vol. 2,Federico Soler,https://sonniss.com/sound-effects/effective-trailer-booms-vol-2/
EffectiveTrailer_Booms_Vol2_075.wav,Effective Trailer Booms Vol. 2,Federico Soler,https://sonniss.com/sound-effects/effective-trailer-booms-vol-2/
EffectiveTrailer_Booms_Vol2_214.wav,Effective Trailer Booms Vol. 2,Federico Soler,https://sonniss.com/sound-effects/effective-trailer-booms-vol-2/
ELECArc_ArcDesign15_InMotionAudio_Arc.wav,Arc,InMotionAudio,https://sonniss.com/sound-effects/arc/
ELECArc_ArcPowerUpDesign04_InMotionAudio_Arc.wav,Arc,InMotionAudio,https://sonniss.com/sound-effects/arc/
ELECBuzz_Buzz27_InMotionAudio_Arc.wav,Arc,InMotionAudio,https://sonniss.com/sound-effects/arc/
STORM_StormAmbience11_InMotionAudio_BackGardenStorm.wav,Back Garden Storm,InMotionAudio,https://sonniss.com/sound-effects/back-garden-storm/
STORM_StormAmbience13_InMotionAudio_BackGardenStorm.wav,Back Garden Storm,InMotionAudio,https://sonniss.com/sound-effects/back-garden-storm/
VEHCar_TownDrivingAmbience06_InMotionAudio_CarInteriorDrivingAmbience.wav,Car Interior Driving Ambience,InMotionAudio,https://sonniss.com/sound-effects/car-interior-driving-ambience/
VEHCar_TownDrivingAmbience13_InMotionAudio_CarInteriorDrivingAmbience.wav,Car Interior Driving Ambience,InMotionAudio,https://sonniss.com/sound-effects/car-interior-driving-ambience/
WINDInt_ChimneyWind05_InMotionAudio_ChimneyWind.wav,Chimney Wind,InMotionAudio,https://sonniss.com/sound-effects/chimney-wind/
OBJMisc_Cracker_Grab02_InMotionAudio_ChristmasCracker.wav,Christmas Cracker,InMotionAudio,https://sonniss.com/sound-effects/christmas-cracker/
OBJMisc_CrackerHatMovement16_InMotionAudio_ChristmasCracker.wav,Christmas Cracker,InMotionAudio,https://sonniss.com/sound-effects/christmas-cracker/
OBJMisc_CrackerPull_WithBang_Effected_03_InMotionAudio_ChristmasCracker.wav,Christmas Cracker,InMotionAudio,https://sonniss.com/sound-effects/christmas-cracker/
FOLYClth_ClothMovement24_InMotionAudio_FoleyT-Shirt.wav,Foley T-Shirt,InMotionAudio,https://sonniss.com/sound-effects/foley-t-shirt/
FOLYClth_ClothMovement29_InMotionAudio_FoleyT-Shirt.wav,Foley T-Shirt,InMotionAudio,https://sonniss.com/sound-effects/foley-t-shirt/
FOLYClth_SinglePats04_InMotionAudio_FoleyT-Shirt.wav,Foley T-Shirt,InMotionAudio,https://sonniss.com/sound-effects/foley-t-shirt/
AMBTran_MainHallAmbience03B_InMotionAudio_GrandCentralStation.wav,Grand Central Station,InMotionAudio,https://sonniss.com/sound-effects/grand-central-station/
VOXFutz_TannoyAnnouncement_MainHall08_InMotionAudio_GrandCentralStation.wav,Grand Central Station,InMotionAudio,https://sonniss.com/sound-effects/grand-central-station/
OBJLug_Case_Closed06_InMotionAudio_InstrumentCase.wav,Instrument Case,InMotionAudio,https://sonniss.com/sound-effects/instrument-case/
OBJLug_CaseDown_Concrete12_InMotionAudio_InstrumentCase.wav,Instrument Case,InMotionAudio,https://sonniss.com/sound-effects/instrument-case/
OBJLug_Handle_Movement15_InMotionAudio_InstrumentCase.wav,Instrument Case,InMotionAudio,https://sonniss.com/sound-effects/instrument-case/
BEEPMed_Thermometer_Beep11_InMotionAudio_MedicalThermometer.wav,Medical Thermometer,InMotionAudio,https://sonniss.com/sound-effects/medical-thermometer/
ELECEmf_Thermometer02_InMotionAudio_MedicalThermometer.wav,Medical Thermometer,InMotionAudio,https://sonniss.com/sound-effects/medical-thermometer/
MACHMed_Thermometer_ButtonPress_Beep03_InMotionAudio_MedicalThermometer.wav,Medical Thermometer,InMotionAudio,https://sonniss.com/sound-effects/medical-thermometer/
MUSCInst_Case_SaxPlace09_InMotionAudio_Saxophone.wav,Saxophone,InMotionAudio,https://sonniss.com/sound-effects/saxophone/
MUSCInst_Grabandrelease30_InMotionAudio_Saxophone.wav,Saxophone,InMotionAudio,https://sonniss.com/sound-effects/saxophone/
MUSCInst_KeyPress64_InMotionAudio_Saxophone.wav,Saxophone,InMotionAudio,https://sonniss.com/sound-effects/saxophone/
OBJMisc_ScratchCard_CardMovement_09_InMotionAudio_ScratchCard.wav,Scratch Card,InMotionAudio,https://sonniss.com/sound-effects/scratch-card/
OBJMisc_ScratchCard_CoinTapScratch_01_InMotionAudio_ScratchCard.wav,Scratch Card,InMotionAudio,https://sonniss.com/sound-effects/scratch-card/
OBJMisc_ScratchCard_SurfaceWipe_04_InMotionAudio_ScratchCard.wav,Scratch Card,InMotionAudio,https://sonniss.com/sound-effects/scratch-card/
DSGNErie_NoiseBoxHit_10_InMotionAudio_SinisterTextures4.wav,Sinister Textures 4,InMotionAudio,https://sonniss.com/sound-effects/sinister-textures-4/
DSGNErie_NoiseBoxHit_36_InMotionAudio_SinisterTextures4.wav,Sinister Textures 4,InMotionAudio,https://sonniss.com/sound-effects/sinister-textures-4/
GOREMisc_Cladding_NailScratch19_InMotionAudio_SinisterTextures5.wav,Sinister Textures 5,InMotionAudio,https://sonniss.com/sound-effects/sinister-textures-5/
GOREMisc_Cladding_Scratch06_InMotionAudio_SinisterTextures5.wav,Sinister Textures 5,InMotionAudio,https://sonniss.com/sound-effects/sinister-textures-5/
GOREMisc_Concrete_MetalPipe02_InMotionAudio_SinisterTextures5.wav,Sinister Textures 5,InMotionAudio,https://sonniss.com/sound-effects/sinister-textures-5/
AMBTran_TrainInterior09_InMotionAudio_UKTrainInteriorAmbience.wav,The Commute,InMotionAudio,https://sonniss.com/sound-effects/the-commute/
AMBTran_TrainInterior12_InMotionAudio_UKTrainInteriorAmbience.wav,The Commute,InMotionAudio,https://sonniss.com/sound-effects/the-commute/
CREAEthr_Aztec Death Whistle Distortion_02_IMA_Death Whistle Samples.wav,The Death Whistle,InMotionAudio,https://sonniss.com/sound-effects/the-death-whistle/
CREAEthr_Aztec Death Whistle Drone_05_InMotionAudio_Death Whistle Samples.wav,The Death Whistle,InMotionAudio,https://sonniss.com/sound-effects/the-death-whistle/
CREAEthr_Aztec Death Whistle DryPitch12_IMA_Death Whistle Samples.wav,The Death Whistle,InMotionAudio,https://sonniss.com/sound-effects/the-death-whistle/
DOORMetl_StairWellDoor01_InMotionAudio_USAHotel.wav,USA Hotel,InMotionAudio,https://sonniss.com/sound-effects/usa-hotel/
MECHClik_USALightSwitch_On05_InMotionAudio_USAHotel.wav,USA Hotel,InMotionAudio,https://sonniss.com/sound-effects/usa-hotel/
WATRPlmb_ToiletFlush01_InMotionAudio_USAHotel.wav,USA Hotel,InMotionAudio,https://sonniss.com/sound-effects/usa-hotel/
OBJTape_VelcroRip29_InMotionAudio_Velcro.wav,Velcro,InMotionAudio,https://sonniss.com/sound-effects/velcro/
OBJTape_VelcroSqueeze01_InMotionAudio_Velcro.wav,Velcro,InMotionAudio,https://sonniss.com/sound-effects/velcro/
FOLYMisc_WashingBasket_Pats&Movement12_InMotionAudio_WashingBasketFoley.wav,Washing Basket Foley,InMotionAudio,https://sonniss.com/sound-effects/washing-basket-foley/
FOLYMisc_WashingBasket_Pats&Movement43_InMotionAudio_WashingBasketFoley.wav,Washing Basket Foley,InMotionAudio,https://sonniss.com/sound-effects/washing-basket-foley/
"24 Campfire, Dropping Fresh Pine Branches in Fire, Crackling, Sizzling Strong, Close 02.wav",Campfire - Bonfire FX,Ivo Vicic,https://sonniss.com/sound-effects/campfire-bonfire-fx/
"42 Campfire, Putting Out Fire, Water from Bottle, Variation, Close.wav",Campfire - Bonfire FX,Ivo Vicic,https://sonniss.com/sound-effects/campfire-bonfire-fx/
"Camp fire, crackling, putting oil in fire, close, night_B-format, Ambix.wav",Campfire FX - Ambisonic,Ivo Vicic,https://sonniss.com/sound-effects/campfire-fx-ambisonic/
"04 Church Bells, Near Distance, In Church Tower-3 Different Bell 02.wav",Church Bells,Ivo Vicic,https://sonniss.com/sound-effects/church-bells/
"25 Church Bells, Far Distance, Rural Soundscape Distant, Hills Ridge, Spring 02.wav",Church Bells,Ivo Vicic,https://sonniss.com/sound-effects/church-bells/
02 Fireworks_ explosions_dense_whistles.wav,Fireworks FX,Ivo Vicic,https://sonniss.com/sound-effects/fireworks-fx/
13 Fireworks_powerful explosions_multiples in a row_near.wav,Fireworks FX,Ivo Vicic,https://sonniss.com/sound-effects/fireworks-fx/
"CRWDWalla_Pub Walla Atmos, Restaurant, Liverpool, Scouse,_Jake Fielding_11.wav",British Walla and Crowd,Jake Fielding,https://sonniss.com/sound-effects/british-walla-and-crowd/
"CRWDWalla_Pub Walla, Crowd, Bar, _Jake Fielding_British Walla and Crowd_14.wav",British Walla and Crowd,Jake Fielding,https://sonniss.com/sound-effects/british-walla-and-crowd/
"DSGNBram____Cinematic Horn Braam, Epic, Cinematic, Dark, Instrument, Huge-32.wav",Cinematic Horn Braams,Jake Fielding,https://sonniss.com/sound-effects/cinematic-horn-braams/
"DSGNBram____Cinematic Horn Braam, Epic, Cinematic, Dark, Instrument, Huge-67.wav",Cinematic Horn Braams,Jake Fielding,https://sonniss.com/sound-effects/cinematic-horn-braams/
"MACHAppl_Deep Fridge Hum, Buzz, Electric Tone, Deep_Jake Fielding_Fridge Hums Pt2.wav",Fridge Hums Vol.2,Jake Fielding,https://sonniss.com/sound-effects/fridge-hums-vol-2/
"MACHAppl_Rhythmic Electric Fridge Hum, Buzz, Static,_Jake Fielding_Fridge Hums Pt2.wav",Fridge Hums Vol.2,Jake Fielding,https://sonniss.com/sound-effects/fridge-hums-vol-2/
"HAIL_Hail on Door Window, UVPC_JF_INT Storm.wav",Interior Wind Rain and Storms,Jake Fielding,https://sonniss.com/sound-effects/interior-wind-rain-and-storms/
"RAINInt_Heavy Rain on Window,  Constant _JF_INT Storm.wav",Interior Wind Rain and Storms,Jake Fielding,https://sonniss.com/sound-effects/interior-wind-rain-and-storms/
THUN_Interior Thunder Rumble_JF_INT Storm_01.wav,Interior Wind Rain and Storms,Jake Fielding,https://sonniss.com/sound-effects/interior-wind-rain-and-storms/
AMBSwmp_Meadow Pipits calling many Insects humming Wind blowing through Grass_JSE_HoN_Stereo.wav,Highlands of Norway,Just Sound Effects,https://sonniss.com/sound-effects/highlands-of-norway/
WATRLap_Small Waves sloshing onto Rock Slabs at huge Glacial Lake _JSE_HoN_Quad.wav,Highlands of Norway,Just Sound Effects,https://sonniss.com/sound-effects/highlands-of-norway/
WATRWave_Medium Waves at Pebble Beach_JSE_RCoN_Stereo.wav,Rocky Coast of Norway,Just Sound Effects,https://sonniss.com/sound-effects/rocky-coast-of-norway/
WATRWave_Soft Waves Cliffs_JSE_RCoN_Stereo.wav,Rocky Coast of Norway,Just Sound Effects,https://sonniss.com/sound-effects/rocky-coast-of-norway/
SBbra_Bar E 001.wav,Bars & Restaurants Ambience,Sonic Bat,https://sonniss.com/sound-effects/bars-restaurants-ambience/
SBbra_Shopping Mall Food Court B 001.wav,Bars & Restaurants Ambience,Sonic Bat,https://sonniss.com/sound-effects/bars-restaurants-ambience/
SBfa_Distant Fireworks 005.wav,Fireworks Ambience,Sonic Bat,https://sonniss.com/sound-effects/fireworks-ambience/
SBfa_Fireworks 001.wav,Fireworks Ambience,Sonic Bat,https://sonniss.com/sound-effects/fireworks-ambience/
SBmb_Music Box A 013.wav,Music Boxes,Sonic Bat,https://sonniss.com/sound-effects/music-boxes/
SBmb_Music Box B 028.wav,Music Boxes,Sonic Bat,https://sonniss.com/sound-effects/music-boxes/
SBmb_Music Box C 059.wav,Music Boxes,Sonic Bat,https://sonniss.com/sound-effects/music-boxes/
SBmb_Music Box C Wind Up 006.wav,Music Boxes,Sonic Bat,https://sonniss.com/sound-effects/music-boxes/
SBsna_City Block Square Storm 003.wav,Stormy Night Ambience,Sonic Bat,https://sonniss.com/sound-effects/stormy-night-ambience/
SBspa_Water Polo Feminine League Match Presentation 001.wav,Swimming Pool Ambience,Sonic Bat,https://sonniss.com/sound-effects/swimming-pool-ambience/
SBspa_Water Polo Masculine League Break 001.wav,Swimming Pool Ambience,Sonic Bat,https://sonniss.com/sound-effects/swimming-pool-ambience/
SBvr_AM EQ Sweeping 002.wav,Vintage Radio,Sonic Bat,https://sonniss.com/sound-effects/vintage-radio/
SBvr_Mode Select Wheel 006.wav,Vintage Radio,Sonic Bat,https://sonniss.com/sound-effects/vintage-radio/
SBvr_Power Button 003.wav,Vintage Radio,Sonic Bat,https://sonniss.com/sound-effects/vintage-radio/
SBvma_Feminine League Match 017.wav,Volleyball Match Ambience,Sonic Bat,https://sonniss.com/sound-effects/volleyball-match-ambience/
SBvma_Masculine Regional Match 005.wav,Volleyball Match Ambience,Sonic Bat,https://sonniss.com/sound-effects/volleyball-match-ambience/
"CRWDCheer_Small Club, 50 People, Crowd, Spanish, Cheering and Applause-Surround_KSL_KS015.wav",Spanish Crowds,Sonik Sound Library,https://sonniss.com/sound-effects/spanish-crowds/
"CRWDWalla_Crowd, Walla, Movement, 30 People Working Film Crew, Preparing a Movie Set in a Warehouse, Spanish Hum of Voice, Decor Mount, Ladders, Warning Alarm, Light Contruction-Stereo_KSL_KS015.wav",Spanish Crowds,Sonik Sound Library,https://sonniss.com/sound-effects/spanish-crowds/
"CRWDWalla_Crowd, Walla, Dense Immersive Group of Adults, After or Befor a Show, Exterior, Spanish-Stereo_KSL_KS014.wav",Spanish Wallas,Sonik Sound Library,https://sonniss.com/sound-effects/spanish-wallas/
"CRWDWalla_Dinner Party Crowd in Terrace, Walla, Toast with Pomada, Mixed Group of Adults, Men and Women, Spanish, Catalan Language, Menorcan Language-Atmos_KSL_KS014.wav",Spanish Wallas,Sonik Sound Library,https://sonniss.com/sound-effects/spanish-wallas/
"AERORadio_Quadcopter, Toy, Flying Sustained Close to Mic_KSL_KS013.wav",Toy Quadcopter,Sonik Sound Library,https://sonniss.com/sound-effects/toy-quadcopter/
"AERORadio_Quadcopter, Toy, Turn On, Turn Off, Syncing, Calibrate, Beeps_KSL_KS013.wav",Toy Quadcopter,Sonik Sound Library,https://sonniss.com/sound-effects/toy-quadcopter/
"AMBTown_Ambience, Big Town, Streets, Valdemoro, Spain, Daytime, Brush Cutter, Far Traffica, Airplanes, People Activity, Spanish Voices-Stereo_KSL_KS016.wav",Urban Life,Sonik Sound Library,https://sonniss.com/sound-effects/urban-life/
"AMBUrbn_Ambience, City, Madrid, Spain, Soft Traffic and Human Activity, Some Birds-Surround_KSL_KS016.wav",Urban Life,Sonik Sound Library,https://sonniss.com/sound-effects/urban-life/
VEHCar_Various Driving at Slow Speed 15 06_SNDBTS_CRS-MMM.wav,Cars - Mad Mustang Mercury,SoundBits,https://sonniss.com/sound-effects/cars-mad-mustang-mercury/
VEHDoor_Car Foley Car Door Open and Close Exterior 04 Perspective A_SNDBTS_CRS-MMM.wav,Cars - Mad Mustang Mercury,SoundBits,https://sonniss.com/sound-effects/cars-mad-mustang-mercury/
VEHMech_Car Foey Gas and Brakes Pedals 08 B_SNDBTS_CRS-MMM.wav,Cars - Mad Mustang Mercury,SoundBits,https://sonniss.com/sound-effects/cars-mad-mustang-mercury/
VEHSkid_Tire Skids on Gravel 15 06_SNDBTS_CRS-MMM.wav,Cars - Mad Mustang Mercury,SoundBits,https://sonniss.com/sound-effects/cars-mad-mustang-mercury/
MOVEMisc_Honda CB750 Hornet Get On Bike Helmet On 02_SNDBTS_MCH.wav,Motorcycles - Honda,SoundBits,https://sonniss.com/sound-effects/motorcycles-honda/
VEHHorn_Honda CB500F Horn Long 02_SNDBTS_MCH.wav,Motorcycles - Honda,SoundBits,https://sonniss.com/sound-effects/motorcycles-honda/
VEHMoto_Honda CB500F Approach Fast Engine Stop 04_SNDBTS_MCH.wav,Motorcycles - Honda,SoundBits,https://sonniss.com/sound-effects/motorcycles-honda/
VEHSkid_Honda CB500F Engine Start Tires Skidding Stop 02_SNDBTS_MCH.wav,Motorcycles - Honda,SoundBits,https://sonniss.com/sound-effects/motorcycles-honda/
VEHBy_Kawasaki Ninja ZX 10R Pass By Fast 04 mono_SNDBTS_MCK.wav,Motorcycles - Kawasaki,SoundBits,https://sonniss.com/sound-effects/motorcycles-kawasaki/
VEHHorn_Kawasaki Ninja ZX 10R Horn Single 03_SNDBTS_MCK.wav,Motorcycles - Kawasaki,SoundBits,https://sonniss.com/sound-effects/motorcycles-kawasaki/
VEHMech_Kawasaki Ninja ZX 10R Keys In Out 01_SNDBTS_MCK.wav,Motorcycles - Kawasaki,SoundBits,https://sonniss.com/sound-effects/motorcycles-kawasaki/
VEHMoto_Kawasaki Ninja ZX 10R Engine Start Leave 06_SNDBTS_MCK.wav,Motorcycles - Kawasaki,SoundBits,https://sonniss.com/sound-effects/motorcycles-kawasaki/
AMBTraf_Traffic Multiple Cars Passing By 25_SNDBTS_PB-TTC2.wav,"Pass-By - Trains, Trucks & Cars 2",SoundBits,https://sonniss.com/sound-effects/pass-by-trains-trucks-cars-2/
TRNMisc_Pass By Train 41_SNDBTS_PB-TTC2.wav,"Pass-By - Trains, Trucks & Cars 2",SoundBits,https://sonniss.com/sound-effects/pass-by-trains-trucks-cars-2/
TRNTram_Generic Tram Pass Py 13_SNDBTS_PB-TTC2.wav,"Pass-By - Trains, Trucks & Cars 2",SoundBits,https://sonniss.com/sound-effects/pass-by-trains-trucks-cars-2/
VEHFrght_Freight Truck Pass By 22_SNDBTS_PB-TTC2.wav,"Pass-By - Trains, Trucks & Cars 2",SoundBits,https://sonniss.com/sound-effects/pass-by-trains-trucks-cars-2/
CREAAqua_Aquatic Creature Gurgling 2_SNDBTS_VB-SE.wav,Vox Bestiae - Source Elements,SoundBits,https://sonniss.com/sound-effects/vox-bestiae-source-elements/
CREAEthr_Ethereal Entity Grim Pain Long 4_SNDBTS_VB-SE.wav,Vox Bestiae - Source Elements,SoundBits,https://sonniss.com/sound-effects/vox-bestiae-source-elements/
CREAHmn_Violent Humanoid Creature Exhale Short 4_SNDBTS_VB-SE.wav,Vox Bestiae - Source Elements,SoundBits,https://sonniss.com/sound-effects/vox-bestiae-source-elements/
CREAInsc_Insectoid Creature Tremble Attack Long 1_SNDBTS_VB-SE.wav,Vox Bestiae - Source Elements,SoundBits,https://sonniss.com/sound-effects/vox-bestiae-source-elements/
HMNBrth_Panting Male 02 04_SNDBTS_VH.wav,Vox Hominis - Human Effort Voices,SoundBits,https://sonniss.com/sound-effects/vox-hominis-human-effort-voices/
VOXCry_Crying Female 04 05_SNDBTS_VH.wav,Vox Hominis - Human Effort Voices,SoundBits,https://sonniss.com/sound-effects/vox-hominis-human-effort-voices/
VOXLaff_Laughing Female 02 06_SNDBTS_VH.wav,Vox Hominis - Human Effort Voices,SoundBits,https://sonniss.com/sound-effects/vox-hominis-human-effort-voices/
WHSTHmn_Whistle Male 06 09_SNDBTS_VH.wav,Vox Hominis - Human Effort Voices,SoundBits,https://sonniss.com/sound-effects/vox-hominis-human-effort-voices/
RAINConc_Rain Medium Exterior Splatter City Traffic 6_The Noisery_City Rain.wav,City Rain,The Noisery,https://sonniss.com/sound-effects/city-rain/
RAINInt_Rain Light Interior Hail Storm_The Noisery_City Rain.wav,City Rain,The Noisery,https://sonniss.com/sound-effects/city-rain/
WINDInt_Wind Strong Metal Rattle_The Noisery_City Rain.wav,City Rain,The Noisery,https://sonniss.com/sound-effects/city-rain/
WINDTonl_Wind Strong Gusts Hurricane Vents Rattle 06_The Noisery_City Rain.wav,City Rain,The Noisery,https://sonniss.com/sound-effects/city-rain/
DSGNImpt_Metal Hit Thud Thump Low Ring Geofon 1_The Noisery_Moaning Metal.wav,Moaning Metal,The Noisery,https://sonniss.com/sound-effects/moaning-metal/
DSGNTonl_Designed Metal Bowed Screech Tonal Reverb 7_The Noisery_Moaning Metal.wav,Moaning Metal,The Noisery,https://sonniss.com/sound-effects/moaning-metal/
DSGNTonl_Metal Scrape Low Tonal LFE 4_The Noisery_Moaning Metal.wav,Moaning Metal,The Noisery,https://sonniss.com/sound-effects/moaning-metal/
UIGlitch_Designed_Glitch_Corrupted_Data Error_The Noisery_Rich Glitch_06.wav,Rich Glitch,The Noisery,https://sonniss.com/sound-effects/rich-glitch/
UIGlitch_User interface_Glitch_High_Electronic_The Noisery_Rich Glitch_05.wav,Rich Glitch,The Noisery,https://sonniss.com/sound-effects/rich-glitch/
AMBTran_Ambience Platform Bahnhof Train Station Whistle_The Noisery_Transit Tunes_ The German Train Collection.wav,Transit Tunes - The German Train Collection,The Noisery,https://sonniss.com/sound-effects/transit-tunes-the-german-train-collection/
TRNElec_Train Electric Passenger By Close Right To_The Noisery_Transit Tunes_ The German Train Collection_01.wav,Transit Tunes - The German Train Collection,The Noisery,https://sonniss.com/sound-effects/transit-tunes-the-german-train-collection/
FFG002.wav,Flip Flops,TheWorkRoom,https://sonniss.com/sound-effects/flip-flops/
FFW003.wav,Flip Flops,TheWorkRoom,https://sonniss.com/sound-effects/flip-flops/
NIG015.wav,Nigerian Walla,TheWorkRoom,https://sonniss.com/sound-effects/nigerian-walla/
NIG053.wav,Nigerian Walla,TheWorkRoom,https://sonniss.com/sound-effects/nigerian-walla/
NIG065.wav,Nigerian Walla,TheWorkRoom,https://sonniss.com/sound-effects/nigerian-walla/
SAV004.wav,South African Walla,TheWorkRoom,https://sonniss.com/sound-effects/south-african-walla/
SAW002.wav,South African Walla,TheWorkRoom,https://sonniss.com/sound-effects/south-african-walla/
WIR006.wav,Wire Cars,TheWorkRoom,https://sonniss.com/sound-effects/wire-cars/
WIR028.wav,Wire Cars,TheWorkRoom,https://sonniss.com/sound-effects/wire-cars/
AMBInd_Factory Hall Busy Alarm Machines Voices_CW.wav,Industrial Ambiences - Ship Repair Factory,Victor Ermakov,https://sonniss.com/sound-effects/industrial-ambiences-ship-repair-factory/
MACHInd_Crane Onboard Ride Squeaks Motors_CW.wav,Industrial Ambiences - Ship Repair Factory,Victor Ermakov,https://sonniss.com/sound-effects/industrial-ambiences-ship-repair-factory/