ID,Decision,Line,Emotion,Flavour,Event,Visible cue,Exact condition,Must not trigger,Extra requirement,Recording status,Existing takes,Note
L001,yes,Down we go. Rent won't pay itself.,wry,work,First descent,First underground view below 20 metres.,A live first expedition crosses 20 metres below Town; the underground view is visible and the player is safe.,"No save-load, surface walk, menu or teleport.",,Needs new recording,0,
L002,yes,Underground again. Lovely career choice.,dry,bad-joke,First descent,First underground view below 20 metres.,A live first expedition crosses 20 metres below Town; the underground view is visible and the player is safe.,"No save-load, surface walk, menu or teleport.",,Needs new recording,0,
L004,yes,Easy now. The dark can wait.,self-reassuring,vulnerable,First descent,First underground view below 20 metres.,A live first expedition crosses 20 metres below Town; the underground view is visible and the player is safe.,"No save-load, surface walk, menu or teleport.",,Needs new recording,0,
L005,yes,First dirt in the boots. Lovely.,resigned,relatable,First descent,First underground view below 20 metres.,A live first expedition crosses 20 metres below Town; the underground view is visible and the player is safe.,"No save-load, surface walk, menu or teleport.",,Needs new recording,0,
L006,yes,Leaving daylight. Still feels too easy.,uneasy,mystery,First descent,First underground view below 20 metres.,A live first expedition crosses 20 metres below Town; the underground view is visible and the player is safe.,"No save-load, surface walk, menu or teleport.",,Needs new recording,0,
L007,yes,"Well, this beats another interview.",amused,bad-joke,First descent,First underground view below 20 metres.,A live first expedition crosses 20 metres below Town; the underground view is visible and the player is safe.,"No save-load, surface walk, menu or teleport.",,Needs new recording,0,
L009,yes,"All right, mine. Be gentle.",wary,practical,First descent,First underground view below 20 metres.,A live first expedition crosses 20 metres below Town; the underground view is visible and the player is safe.,"No save-load, surface walk, menu or teleport.",,Needs new recording,0,
L010,yes,A little deeper. Then I'll complain.,playful,relatable,First descent,First underground view below 20 metres.,A live first expedition crosses 20 metres below Town; the underground view is visible and the player is safe.,"No save-load, surface walk, menu or teleport.",,Needs new recording,0,
L011,yes,Smells like work. Unfortunate.,dry,work,First descent,First underground view below 20 metres.,A live first expedition crosses 20 metres below Town; the underground view is visible and the player is safe.,"No save-load, surface walk, menu or teleport.",,Needs new recording,0,
L012,yes,Don't suppose there's a lift.,muttering,bad-joke,First descent,First underground view below 20 metres.,A live first expedition crosses 20 metres below Town; the underground view is visible and the player is safe.,"No save-load, surface walk, menu or teleport.",,Needs new recording,0,
L013,yes,Bronze. An honest start.,pleased,practical,First bronze collected,The bronze pickup lands and its label is visible.,A positive bronze material award completes this save's first collection; its pickup or award label remains visible.,"No other material, currency, purchase, hovered rock or restored inventory.",,Needs new recording,0,
L014,yes,"Hello, bronze. You'll do nicely.",warm,practical,First bronze collected,The bronze pickup lands and its label is visible.,A positive bronze material award completes this save's first collection; its pickup or award label remains visible.,"No other material, currency, purchase, hovered rock or restored inventory.",,Needs new recording,0,
L015,yes,"Bronze. Third place, first payday.",amused,bad-joke,First bronze collected,The bronze pickup lands and its label is visible.,A positive bronze material award completes this save's first collection; its pickup or award label remains visible.,"No other material, currency, purchase, hovered rock or restored inventory.",,Needs new recording,0,
L016,yes,Good bronze. No need to show off.,approving,practical,First bronze collected,The bronze pickup lands and its label is visible.,A positive bronze material award completes this save's first collection; its pickup or award label remains visible.,"No other material, currency, purchase, hovered rock or restored inventory.",,Needs new recording,0,
L018,yes,Found bronze. That's worth dirty hands.,satisfied,work,First bronze collected,The bronze pickup lands and its label is visible.,A positive bronze material award completes this save's first collection; its pickup or award label remains visible.,"No other material, currency, purchase, hovered rock or restored inventory.",,Needs new recording,0,
L019,yes,Bronze. I can work with that.,steady,practical,First bronze collected,The bronze pickup lands and its label is visible.,A positive bronze material award completes this save's first collection; its pickup or award label remains visible.,"No other material, currency, purchase, hovered rock or restored inventory.",,Needs new recording,0,
L020,yes,"Ah, bronze. Modest, like my wages.",dry,work,First bronze collected,The bronze pickup lands and its label is visible.,A positive bronze material award completes this save's first collection; its pickup or award label remains visible.,"No other material, currency, purchase, hovered rock or restored inventory.",,Needs new recording,0,
L024,yes,A bit of bronze. We're getting somewhere.,pleased,practical,First bronze collected,The bronze pickup lands and its label is visible.,A positive bronze material award completes this save's first collection; its pickup or award label remains visible.,"No other material, currency, purchase, hovered rock or restored inventory.",,Needs new recording,0,
L025,yes,Iron. Something with a backbone.,approving,practical,First iron collected,The iron pickup lands and its label is visible.,A positive iron material award completes this save's first collection; its pickup or award label remains visible.,"No steel, bronze, currency, tile reveal alone or restored inventory.",,Needs new recording,0,
L026,yes,Good iron. I respect that.,warm,practical,First iron collected,The iron pickup lands and its label is visible.,A positive iron material award completes this save's first collection; its pickup or award label remains visible.,"No steel, bronze, currency, tile reveal alone or restored inventory.",,Needs new recording,0,
L027,yes,Iron. My shoulders knew before I did.,weary,relatable,First iron collected,The iron pickup lands and its label is visible.,A positive iron material award completes this save's first collection; its pickup or award label remains visible.,"No steel, bronze, currency, tile reveal alone or restored inventory.",,Needs new recording,0,
L028,yes,Found iron. The day improves.,pleased,practical,First iron collected,The iron pickup lands and its label is visible.,A positive iron material award completes this save's first collection; its pickup or award label remains visible.,"No steel, bronze, currency, tile reveal alone or restored inventory.",,Needs new recording,0,
L029,yes,Iron. Useful. Unlike my last employer.,dry,bad-joke,First iron collected,The iron pickup lands and its label is visible.,A positive iron material award completes this save's first collection; its pickup or award label remains visible.,"No steel, bronze, currency, tile reveal alone or restored inventory.",,Needs new recording,0,
L030,yes,"Hello, iron. You're coming with me.",friendly,practical,First iron collected,The iron pickup lands and its label is visible.,A positive iron material award completes this save's first collection; its pickup or award label remains visible.,"No steel, bronze, currency, tile reveal alone or restored inventory.",,Needs new recording,0,
L031,yes,"Iron. Less pretty, more dependable.",assured,practical,First iron collected,The iron pickup lands and its label is visible.,A positive iron material award completes this save's first collection; its pickup or award label remains visible.,"No steel, bronze, currency, tile reveal alone or restored inventory.",,Needs new recording,0,
L032,yes,"That's iron. Finally, something solid.",relieved,practical,First iron collected,The iron pickup lands and its label is visible.,A positive iron material award completes this save's first collection; its pickup or award label remains visible.,"No steel, bronze, currency, tile reveal alone or restored inventory.",,Needs new recording,0,
L035,yes,Iron. Let's call that progress.,steady,practical,First iron collected,The iron pickup lands and its label is visible.,A positive iron material award completes this save's first collection; its pickup or award label remains visible.,"No steel, bronze, currency, tile reveal alone or restored inventory.",,Needs new recording,0,
L036,yes,"Iron. No, I'm not licking it.",amused,bad-joke,First iron collected,The iron pickup lands and its label is visible.,A positive iron material award completes this save's first collection; its pickup or award label remains visible.,"No steel, bronze, currency, tile reveal alone or restored inventory.",,Needs new recording,0,
L037,yes,Silver. Now we're talking.,pleased,practical,First silver collected,The silver pickup lands and its label is visible.,A positive silver material award completes this save's first collection; its pickup or award label remains visible.,"No money counter, silver scenery, failed pickup or restored inventory.",,Needs new recording,0,
L038,yes,"Hello, silver. I've missed good company.",warm,relatable,First silver collected,The silver pickup lands and its label is visible.,A positive silver material award completes this save's first collection; its pickup or award label remains visible.,"No money counter, silver scenery, failed pickup or restored inventory.",,Needs new recording,0,
L041,yes,"Silver. Clean shine, dirty hands.",reflective,work,First silver collected,The silver pickup lands and its label is visible.,A positive silver material award completes this save's first collection; its pickup or award label remains visible.,"No money counter, silver scenery, failed pickup or restored inventory.",,Needs new recording,0,
L042,yes,"Ah, silver. My debts look smaller.",relieved,relatable,First silver collected,The silver pickup lands and its label is visible.,A positive silver material award completes this save's first collection; its pickup or award label remains visible.,"No money counter, silver scenery, failed pickup or restored inventory.",,Needs new recording,0,
L043,yes,Silver. Keep your bloody promises.,wary,mystery,First silver collected,The silver pickup lands and its label is visible.,A positive silver material award completes this save's first collection; its pickup or award label remains visible.,"No money counter, silver scenery, failed pickup or restored inventory.",,Needs new recording,0,
L046,yes,Silver. Worth the aching back.,satisfied,work,First silver collected,The silver pickup lands and its label is visible.,A positive silver material award completes this save's first collection; its pickup or award label remains visible.,"No money counter, silver scenery, failed pickup or restored inventory.",,Needs new recording,0,
L047,yes,A bit of silver. Keep it safe.,gentle,practical,First silver collected,The silver pickup lands and its label is visible.,A positive silver material award completes this save's first collection; its pickup or award label remains visible.,"No money counter, silver scenery, failed pickup or restored inventory.",,Needs new recording,0,
L053,yes,"Hello, gold. Goodbye, sensible decisions.",amused,bad-joke,First gold ore collected,The gold ore pickup lands and its label is visible.,A positive gold material award completes this save's first collection; its pickup or award label remains visible.,"Gold ore only. No gold currency, selling, buying or rock discovery without collection.",,Needs new recording,0,
L056,yes,Gold. My favourite bad influence.,warm,dark-humour,First gold ore collected,The gold ore pickup lands and its label is visible.,A positive gold material award completes this save's first collection; its pickup or award label remains visible.,"Gold ore only. No gold currency, selling, buying or rock discovery without collection.",,Needs new recording,0,
L057,yes,"Actual gold. All right, worth the dirt.",pleased,work,First gold ore collected,The gold ore pickup lands and its label is visible.,A positive gold material award completes this save's first collection; its pickup or award label remains visible.,"Gold ore only. No gold currency, selling, buying or rock discovery without collection.",,Needs new recording,0,
L058,yes,Gold. Even my back stopped complaining.,amused,bad-joke,First gold ore collected,The gold ore pickup lands and its label is visible.,A positive gold material award completes this save's first collection; its pickup or award label remains visible.,"Gold ore only. No gold currency, selling, buying or rock discovery without collection.",,Needs new recording,0,
L059,yes,That's gold. I'll thank myself later.,satisfied,practical,First gold ore collected,The gold ore pickup lands and its label is visible.,A positive gold material award completes this save's first collection; its pickup or award label remains visible.,"Gold ore only. No gold currency, selling, buying or rock discovery without collection.",,Needs new recording,0,
L060,yes,Gold. Try not to fall in love.,playful,relatable,First gold ore collected,The gold ore pickup lands and its label is visible.,A positive gold material award completes this save's first collection; its pickup or award label remains visible.,"Gold ore only. No gold currency, selling, buying or rock discovery without collection.",,Needs new recording,0,
L061,yes,An Ember. Still warm. Come here.,tender,warmth,Ember found,An Ember reveal finishes in front of you.,A genuine new Ember find grants a charge and its reveal finishes. The Ember or reward confirmation is still visible.,"No ordinary glowing ore, automatic refill, loaded charges or passing the fire.",,Needs new recording,0,
L062,yes,"Hello, little Ember. Let's get you home.",warm,warmth,Ember found,An Ember reveal finishes in front of you.,A genuine new Ember find grants a charge and its reveal finishes. The Ember or reward confirmation is still visible.,"No ordinary glowing ore, automatic refill, loaded charges or passing the fire.",,Needs new recording,0,
L065,yes,Ember's safe. Hands can complain later.,protective,relatable,Ember found,An Ember reveal finishes in front of you.,A genuine new Ember find grants a charge and its reveal finishes. The Ember or reward confirmation is still visible.,"No ordinary glowing ore, automatic refill, loaded charges or passing the fire.",,Needs new recording,0,
L068,yes,This Ember's older than it looks.,uneasy,mystery,Ember found,An Ember reveal finishes in front of you.,A genuine new Ember find grants a charge and its reveal finishes. The Ember or reward confirmation is still visible.,"No ordinary glowing ore, automatic refill, loaded charges or passing the fire.",,Needs new recording,0,
L069,yes,Ember found. Keep that glow.,gentle,practical,Ember found,An Ember reveal finishes in front of you.,A genuine new Ember find grants a charge and its reveal finishes. The Ember or reward confirmation is still visible.,"No ordinary glowing ore, automatic refill, loaded charges or passing the fire.",,Needs new recording,0,
L070,yes,An Ember. Beats a cold welcome.,wry,bad-joke,Ember found,An Ember reveal finishes in front of you.,A genuine new Ember find grants a charge and its reveal finishes. The Ember or reward confirmation is still visible.,"No ordinary glowing ore, automatic refill, loaded charges or passing the fire.",,Needs new recording,0,
L071,yes,Warm little Ember. Not leaving you here.,resolute,warmth,Ember found,An Ember reveal finishes in front of you.,A genuine new Ember find grants a charge and its reveal finishes. The Ember or reward confirmation is still visible.,"No ordinary glowing ore, automatic refill, loaded charges or passing the fire.",,Needs new recording,0,
L072,yes,An Ember. One more reason to return.,reflective,warmth,Ember found,An Ember reveal finishes in front of you.,A genuine new Ember find grants a charge and its reveal finishes. The Ember or reward confirmation is still visible.,"No ordinary glowing ore, automatic refill, loaded charges or passing the fire.",,Needs new recording,0,
L076,yes,"There you are, little Star.",warm,warmth,Star collected,"A collected Star's reveal finishes, its light still visible.",A positive Star reward is committed for a new identity. Its reveal and any narration finish; its light or award remains visible.,"No ordinary blocks, zero awards, Star menus or old Stars returning to view.",,Needs new recording,0,
L077,yes,A Star. That's worth staying for.,soft,warmth,Star collected,"A collected Star's reveal finishes, its light still visible.",A positive Star reward is committed for a new identity. Its reveal and any narration finish; its light or award remains visible.,"No ordinary blocks, zero awards, Star menus or old Stars returning to view.",,Needs new recording,0,
L078,yes,"Hello, Star. The dark didn't suit you.",gentle,warmth,Star collected,"A collected Star's reveal finishes, its light still visible.",A positive Star reward is committed for a new identity. Its reveal and any narration finish; its light or award remains visible.,"No ordinary blocks, zero awards, Star menus or old Stars returning to view.",,Needs new recording,0,
L081,yes,A Star. Try not to get attached.,self-conscious,relatable,Star collected,"A collected Star's reveal finishes, its light still visible.",A positive Star reward is committed for a new identity. Its reveal and any narration finish; its light or award remains visible.,"No ordinary blocks, zero awards, Star menus or old Stars returning to view.",,Needs new recording,0,
L082,yes,Star's safe. We can breathe.,relieved,warmth,Star collected,"A collected Star's reveal finishes, its light still visible.",A positive Star reward is committed for a new identity. Its reveal and any narration finish; its light or award remains visible.,"No ordinary blocks, zero awards, Star menus or old Stars returning to view.",,Needs new recording,0,
L084,yes,"Come along, Star. I know the way.",protective,warmth,Star collected,"A collected Star's reveal finishes, its light still visible.",A positive Star reward is committed for a new identity. Its reveal and any narration finish; its light or award remains visible.,"No ordinary blocks, zero awards, Star menus or old Stars returning to view.",,Needs new recording,0,
L090,yes,"Hello, big fella. Easy does it.",gentle,warmth,Titan revealed,The newly revealed Titan remains on screen after its introduction.,"A Titan unlock is committed. Its reveal, cinematic and narration finish; the same Titan remains clearly visible.","No narration overlap, off-screen Titan, archive view or repeated proximity.",,Needs new recording,0,
L092,yes,A Titan. That's a difficult introduction.,nervous,relatable,Titan revealed,The newly revealed Titan remains on screen after its introduction.,"A Titan unlock is committed. Its reveal, cinematic and narration finish; the same Titan remains clearly visible.","No narration overlap, off-screen Titan, archive view or repeated proximity.",,Needs new recording,0,
L093,yes,I was hoping you'd forgotten my face.,confiding,mystery,Titan revealed,The newly revealed Titan remains on screen after its introduction.,"A Titan unlock is committed. Its reveal, cinematic and narration finish; the same Titan remains clearly visible.","No narration overlap, off-screen Titan, archive view or repeated proximity.",,Needs new recording,0,
L094,yes,That's one hell of a neighbour.,awed,dark-humour,Titan revealed,The newly revealed Titan remains on screen after its introduction.,"A Titan unlock is committed. Its reveal, cinematic and narration finish; the same Titan remains clearly visible.","No narration overlap, off-screen Titan, archive view or repeated proximity.",,Needs new recording,0,
L095,yes,A Titan. I'll put the questions away.,wary,practical,Titan revealed,The newly revealed Titan remains on screen after its introduction.,"A Titan unlock is committed. Its reveal, cinematic and narration finish; the same Titan remains clearly visible.","No narration overlap, off-screen Titan, archive view or repeated proximity.",,Needs new recording,0,
L096,yes,You look tired. I know the feeling.,warm,relatable,Titan revealed,The newly revealed Titan remains on screen after its introduction.,"A Titan unlock is committed. Its reveal, cinematic and narration finish; the same Titan remains clearly visible.","No narration overlap, off-screen Titan, archive view or repeated proximity.",,Needs new recording,0,
L097,yes,Different stone. Same terrible benefits.,dry,bad-joke,A visibly different region,The mine's scenery clearly changes around you.,The authoritative biome identity changes for the first time; the new scenery is visible and stable for 2 seconds.,"No hidden depth band, obscured scenery, ordinary camera pan or loaded save.",,Needs new recording,0,
L098,yes,New ground. Watch where you step.,alert,practical,A visibly different region,The mine's scenery clearly changes around you.,The authoritative biome identity changes for the first time; the new scenery is visible and stable for 2 seconds.,"No hidden depth band, obscured scenery, ordinary camera pan or loaded save.",,Needs new recording,0,
L099,yes,"Well, the mine's changed its mind.",surprised,practical,A visibly different region,The mine's scenery clearly changes around you.,The authoritative biome identity changes for the first time; the new scenery is visible and stable for 2 seconds.,"No hidden depth band, obscured scenery, ordinary camera pan or loaded save.",,Needs new recording,0,
L100,yes,New colours. Still mostly bad news.,wry,dark-humour,A visibly different region,The mine's scenery clearly changes around you.,The authoritative biome identity changes for the first time; the new scenery is visible and stable for 2 seconds.,"No hidden depth band, obscured scenery, ordinary camera pan or loaded save.",,Needs new recording,0,
L101,yes,This part of the mine feels different.,curious,practical,A visibly different region,The mine's scenery clearly changes around you.,The authoritative biome identity changes for the first time; the new scenery is visible and stable for 2 seconds.,"No hidden depth band, obscured scenery, ordinary camera pan or loaded save.",,Needs new recording,0,
L103,yes,A new stretch of mine. Easy now.,steady,practical,A visibly different region,The mine's scenery clearly changes around you.,The authoritative biome identity changes for the first time; the new scenery is visible and stable for 2 seconds.,"No hidden depth band, obscured scenery, ordinary camera pan or loaded save.",,Needs new recording,0,
L105,yes,New stone. Old nerves.,uneasy,vulnerable,A visibly different region,The mine's scenery clearly changes around you.,The authoritative biome identity changes for the first time; the new scenery is visible and stable for 2 seconds.,"No hidden depth band, obscured scenery, ordinary camera pan or loaded save.",,Needs new recording,0,
L106,yes,I've seen stone like this before.,quiet,mystery,A visibly different region,The mine's scenery clearly changes around you.,The authoritative biome identity changes for the first time; the new scenery is visible and stable for 2 seconds.,"No hidden depth band, obscured scenery, ordinary camera pan or loaded save.",,Needs new recording,0,
L107,yes,The walls changed. Keep the way back.,focused,practical,A visibly different region,The mine's scenery clearly changes around you.,The authoritative biome identity changes for the first time; the new scenery is visible and stable for 2 seconds.,"No hidden depth band, obscured scenery, ordinary camera pan or loaded save.",,Needs new recording,0,
L108,yes,New ground. Let's give it a chance.,hopeful,warmth,A visibly different region,The mine's scenery clearly changes around you.,The authoritative biome identity changes for the first time; the new scenery is visible and stable for 2 seconds.,"No hidden depth band, obscured scenery, ordinary camera pan or loaded save.",,Needs new recording,0,
L109,yes,Another depth reached. I'll take that.,pleased,practical,Depth milestone reached,The new depth milestone reward or marker appears.,The milestone authority confirms a new threshold and its depth/reward feedback is visible.,"No every-metre trigger, map hover, invisible threshold or restored progress.",,Needs new recording,0,
L110,yes,That's a fair way down.,awed,practical,Depth milestone reached,The new depth milestone reward or marker appears.,The milestone authority confirms a new threshold and its depth/reward feedback is visible.,"No every-metre trigger, map hover, invisible threshold or restored progress.",,Needs new recording,0,
L111,yes,Deeper already. One breath to celebrate.,satisfied,relatable,Depth milestone reached,The new depth milestone reward or marker appears.,The milestone authority confirms a new threshold and its depth/reward feedback is visible.,"No every-metre trigger, map hover, invisible threshold or restored progress.",,Needs new recording,0,
L114,yes,A little deeper. A little less sensible.,wry,dark-humour,Depth milestone reached,The new depth milestone reward or marker appears.,The milestone authority confirms a new threshold and its depth/reward feedback is visible.,"No every-metre trigger, map hover, invisible threshold or restored progress.",,Needs new recording,0,
L115,yes,That's progress. My knees disagree.,amused,bad-joke,Depth milestone reached,The new depth milestone reward or marker appears.,The milestone authority confirms a new threshold and its depth/reward feedback is visible.,"No every-metre trigger, map hover, invisible threshold or restored progress.",,Needs new recording,0,
L120,yes,That far down. No wonder I'm tired.,muttering,relatable,Depth milestone reached,The new depth milestone reward or marker appears.,The milestone authority confirms a new threshold and its depth/reward feedback is visible.,"No every-metre trigger, map hover, invisible threshold or restored progress.",,Needs new recording,0,
L121,yes,New record. Act casual.,pleased,relatable,New deepest point,A new personal depth record is visibly confirmed.,A meaningful personal-best event beats the old record and its confirmation is visible. Choose one reaction if a milestone occurs too.,No repeated metres past the record and no second line for the same milestone.,,Needs new recording,0,
L122,yes,My deepest yet. Don't get cocky.,self-reassuring,practical,New deepest point,A new personal depth record is visibly confirmed.,A meaningful personal-best event beats the old record and its confirmation is visible. Choose one reaction if a milestone occurs too.,No repeated metres past the record and no second line for the same milestone.,,Needs new recording,0,
L123,yes,Past my old best. Look at that.,proud,relatable,New deepest point,A new personal depth record is visibly confirmed.,A meaningful personal-best event beats the old record and its confirmation is visible. Choose one reaction if a milestone occurs too.,No repeated metres past the record and no second line for the same milestone.,,Needs new recording,0,
L124,yes,A new best. Still underpaid.,dry,work,New deepest point,A new personal depth record is visibly confirmed.,A meaningful personal-best event beats the old record and its confirmation is visible. Choose one reaction if a milestone occurs too.,No repeated metres past the record and no second line for the same milestone.,,Needs new recording,0,
L125,yes,Never dug this deep before.,awed,practical,New deepest point,A new personal depth record is visibly confirmed.,A meaningful personal-best event beats the old record and its confirmation is visible. Choose one reaction if a milestone occurs too.,No repeated metres past the record and no second line for the same milestone.,,Needs new recording,0,
L126,yes,Record broken. Back still negotiating.,amused,bad-joke,New deepest point,A new personal depth record is visibly confirmed.,A meaningful personal-best event beats the old record and its confirmation is visible. Choose one reaction if a milestone occurs too.,No repeated metres past the record and no second line for the same milestone.,,Needs new recording,0,
L127,yes,"That's my old limit, gone.",satisfied,practical,New deepest point,A new personal depth record is visibly confirmed.,A meaningful personal-best event beats the old record and its confirmation is visible. Choose one reaction if a milestone occurs too.,No repeated metres past the record and no second line for the same milestone.,,Needs new recording,0,
L128,yes,New deepest point. I earned this breath.,relieved,relatable,New deepest point,A new personal depth record is visibly confirmed.,A meaningful personal-best event beats the old record and its confirmation is visible. Choose one reaction if a milestone occurs too.,No repeated metres past the record and no second line for the same milestone.,,Needs new recording,0,
L132,yes,A new best. I'll complain after celebrating.,playful,relatable,New deepest point,A new personal depth record is visibly confirmed.,A meaningful personal-best event beats the old record and its confirmation is visible. Choose one reaction if a milestone occurs too.,No repeated metres past the record and no second line for the same milestone.,,Needs new recording,0,
L135,yes,Rocks coming down. Move!,alarmed,practical,Rocks about to fall nearby,A live rock danger marker overlaps your position.,The player's actual danger area overlaps an active fall zone. Rocks have not already passed; the voice can start immediately.,"No distant quake, safe shelter, finished fall, queued stale warning or competing speech.",,Needs new recording,0,
L136,yes,Rockfall. Get clear.,firm,practical,Rocks about to fall nearby,A live rock danger marker overlaps your position.,The player's actual danger area overlaps an active fall zone. Rocks have not already passed; the voice can start immediately.,"No distant quake, safe shelter, finished fall, queued stale warning or competing speech.",,Needs new recording,0,
L137,yes,That rock's coming down!,sharp,practical,Rocks about to fall nearby,A live rock danger marker overlaps your position.,The player's actual danger area overlaps an active fall zone. Rocks have not already passed; the voice can start immediately.,"No distant quake, safe shelter, finished fall, queued stale warning or competing speech.",,Needs new recording,0,
L138,yes,Loose ceiling. Move clear.,urgent,practical,Rocks about to fall nearby,A live rock danger marker overlaps your position.,The player's actual danger area overlaps an active fall zone. Rocks have not already passed; the voice can start immediately.,"No distant quake, safe shelter, finished fall, queued stale warning or competing speech.",,Needs new recording,0,
L139,yes,Rocks above. Out of here.,focused,practical,Rocks about to fall nearby,A live rock danger marker overlaps your position.,The player's actual danger area overlaps an active fall zone. Rocks have not already passed; the voice can start immediately.,"No distant quake, safe shelter, finished fall, queued stale warning or competing speech.",,Needs new recording,0,
L140,yes,Falling rocks. Keep clear.,firm,practical,Rocks about to fall nearby,A live rock danger marker overlaps your position.,The player's actual danger area overlaps an active fall zone. Rocks have not already passed; the voice can start immediately.,"No distant quake, safe shelter, finished fall, queued stale warning or competing speech.",,Needs new recording,0,
L141,yes,Get clear of those rocks!,alarmed,practical,Rocks about to fall nearby,A live rock danger marker overlaps your position.,The player's actual danger area overlaps an active fall zone. Rocks have not already passed; the voice can start immediately.,"No distant quake, safe shelter, finished fall, queued stale warning or competing speech.",,Needs new recording,0,
L142,yes,Rockfall. Don't stand here.,urgent,practical,Rocks about to fall nearby,A live rock danger marker overlaps your position.,The player's actual danger area overlaps an active fall zone. Rocks have not already passed; the voice can start immediately.,"No distant quake, safe shelter, finished fall, queued stale warning or competing speech.",,Needs new recording,0,
L143,yes,Watch those falling rocks!,sharp,practical,Rocks about to fall nearby,A live rock danger marker overlaps your position.,The player's actual danger area overlaps an active fall zone. Rocks have not already passed; the voice can start immediately.,"No distant quake, safe shelter, finished fall, queued stale warning or competing speech.",,Needs new recording,0,
L144,yes,"Loose rocks. Move, move!",strained,practical,Rocks about to fall nearby,A live rock danger marker overlaps your position.,The player's actual danger area overlaps an active fall zone. Rocks have not already passed; the voice can start immediately.,"No distant quake, safe shelter, finished fall, queued stale warning or competing speech.",,Needs new recording,0,
L149,yes,Rocks stopped. Let's keep it that way.,weary,practical,Survived a quake near miss,Rocks stop after actually threatening you.,This quake recorded personal danger-zone exposure or a near miss. The player survives; debris stops and safety holds for 3 seconds.,"No distant quake, rumble alone, death, menu or renewed hazard.",,Needs new recording,0,
L150,yes,Survived that. Hands haven't caught up.,shaken,vulnerable,Survived a quake near miss,Rocks stop after actually threatening you.,This quake recorded personal danger-zone exposure or a near miss. The player survives; debris stops and safety holds for 3 seconds.,"No distant quake, rumble alone, death, menu or renewed hazard.",,Needs new recording,0,
L151,yes,Quake's over. My nerves need longer.,wry,relatable,Survived a quake near miss,Rocks stop after actually threatening you.,This quake recorded personal danger-zone exposure or a near miss. The player survives; debris stops and safety holds for 3 seconds.,"No distant quake, rumble alone, death, menu or renewed hazard.",,Needs new recording,0,
L153,yes,Still here. Bit rude of me.,amused,dark-humour,Survived a quake near miss,Rocks stop after actually threatening you.,This quake recorded personal danger-zone exposure or a near miss. The player survives; debris stops and safety holds for 3 seconds.,"No distant quake, rumble alone, death, menu or renewed hazard.",,Needs new recording,0,
L154,yes,That rockfall nearly ended my shift.,rattled,work,Survived a quake near miss,Rocks stop after actually threatening you.,This quake recorded personal danger-zone exposure or a near miss. The player survives; debris stops and safety holds for 3 seconds.,"No distant quake, rumble alone, death, menu or renewed hazard.",,Needs new recording,0,
L155,yes,"Quake's passed. Breathe, you idiot.",self-reassuring,relatable,Survived a quake near miss,Rocks stop after actually threatening you.,This quake recorded personal danger-zone exposure or a near miss. The player survives; debris stops and safety holds for 3 seconds.,"No distant quake, rumble alone, death, menu or renewed hazard.",,Needs new recording,0,
L156,yes,Rocks settled. I'm still doing that.,muttering,bad-joke,Survived a quake near miss,Rocks stop after actually threatening you.,This quake recorded personal danger-zone exposure or a near miss. The player survives; debris stops and safety holds for 3 seconds.,"No distant quake, rumble alone, death, menu or renewed hazard.",,Needs new recording,0,
L157,yes,Too much. I need somewhere safe.,strained,vulnerable,Hardcore stress turns critical,The visible stress warning turns critical.,Hardcore mode is enabled; stress rises into critical and the warning is visible and still active.,"No normal mode, assumed injury, hidden stress change or competing speech.",,Needs new recording,0,
L158,yes,I'm rattled. Get somewhere calm.,urgent,vulnerable,Hardcore stress turns critical,The visible stress warning turns critical.,Hardcore mode is enabled; stress rises into critical and the warning is visible and still active.,"No normal mode, assumed injury, hidden stress change or competing speech.",,Needs new recording,0,
L159,yes,Steady hands. Find safety.,focused,practical,Hardcore stress turns critical,The visible stress warning turns critical.,Hardcore mode is enabled; stress rises into critical and the warning is visible and still active.,"No normal mode, assumed injury, hidden stress change or competing speech.",,Needs new recording,0,
L160,yes,Panic's climbing. Time to get clear.,alarmed,practical,Hardcore stress turns critical,The visible stress warning turns critical.,Hardcore mode is enabled; stress rises into critical and the warning is visible and still active.,"No normal mode, assumed injury, hidden stress change or competing speech.",,Needs new recording,0,
L161,yes,Not thinking straight. Find safe ground.,strained,vulnerable,Hardcore stress turns critical,The visible stress warning turns critical.,Hardcore mode is enabled; stress rises into critical and the warning is visible and still active.,"No normal mode, assumed injury, hidden stress change or competing speech.",,Needs new recording,0,
L162,yes,All right. Fear's winning. Move to safety.,rattled,practical,Hardcore stress turns critical,The visible stress warning turns critical.,Hardcore mode is enabled; stress rises into critical and the warning is visible and still active.,"No normal mode, assumed injury, hidden stress change or competing speech.",,Needs new recording,0,
L163,yes,I'm losing my nerve here.,breathless,vulnerable,Hardcore stress turns critical,The visible stress warning turns critical.,Hardcore mode is enabled; stress rises into critical and the warning is visible and still active.,"No normal mode, assumed injury, hidden stress change or competing speech.",,Needs new recording,0,
L164,yes,Easy. Get safe. Then breathe.,self-reassuring,practical,Hardcore stress turns critical,The visible stress warning turns critical.,Hardcore mode is enabled; stress rises into critical and the warning is visible and still active.,"No normal mode, assumed injury, hidden stress change or competing speech.",,Needs new recording,0,
L165,yes,"That's enough stress. Somewhere safe, now.",firm,practical,Hardcore stress turns critical,The visible stress warning turns critical.,Hardcore mode is enabled; stress rises into critical and the warning is visible and still active.,"No normal mode, assumed injury, hidden stress change or competing speech.",,Needs new recording,0,
L166,yes,Can't settle here. Find safety.,strained,practical,Hardcore stress turns critical,The visible stress warning turns critical.,Hardcore mode is enabled; stress rises into critical and the warning is visible and still active.,"No normal mode, assumed injury, hidden stress change or competing speech.",,Needs new recording,0,
L167,yes,Keep it together. Get somewhere safe.,urgent,practical,Hardcore stress turns critical,The visible stress warning turns critical.,Hardcore mode is enabled; stress rises into critical and the warning is visible and still active.,"No normal mode, assumed injury, hidden stress change or competing speech.",,Needs new recording,0,
L168,yes,Panic later. Safe ground first.,focused,practical,Hardcore stress turns critical,The visible stress warning turns critical.,Hardcore mode is enabled; stress rises into critical and the warning is visible and still active.,"No normal mode, assumed injury, hidden stress change or competing speech.",,Needs new recording,0,
L169,yes,Calm again. Took your time.,relieved,relatable,Hardcore stress returns to calm,Your critical stress warning visibly clears.,A personally experienced warning/critical episode returns to calm. The warning clears and safety holds for 3 seconds.,"No ordinary refill, spawning calm, restored save or new threat.",,Needs new recording,0,
L170,yes,There. I can think again.,soft,vulnerable,Hardcore stress returns to calm,Your critical stress warning visibly clears.,A personally experienced warning/critical episode returns to calm. The warning clears and safety holds for 3 seconds.,"No ordinary refill, spawning calm, restored save or new threat.",,Needs new recording,0,
L171,yes,Nerves settled. Let's be kinder to them.,gentle,relatable,Hardcore stress returns to calm,Your critical stress warning visibly clears.,A personally experienced warning/critical episode returns to calm. The warning clears and safety holds for 3 seconds.,"No ordinary refill, spawning calm, restored save or new threat.",,Needs new recording,0,
L172,yes,Panic's gone. Pride's still hiding.,wry,bad-joke,Hardcore stress returns to calm,Your critical stress warning visibly clears.,A personally experienced warning/critical episode returns to calm. The warning clears and safety holds for 3 seconds.,"No ordinary refill, spawning calm, restored save or new threat.",,Needs new recording,0,
L173,yes,Better. I needed that quiet.,weary,vulnerable,Hardcore stress returns to calm,Your critical stress warning visibly clears.,A personally experienced warning/critical episode returns to calm. The warning clears and safety holds for 3 seconds.,"No ordinary refill, spawning calm, restored save or new threat.",,Needs new recording,0,
L174,yes,Feeling steady. Small mercies.,relieved,practical,Hardcore stress returns to calm,Your critical stress warning visibly clears.,A personally experienced warning/critical episode returns to calm. The warning clears and safety holds for 3 seconds.,"No ordinary refill, spawning calm, restored save or new threat.",,Needs new recording,0,
L175,yes,There's my nerve. Welcome back.,warm,relatable,Hardcore stress returns to calm,Your critical stress warning visibly clears.,A personally experienced warning/critical episode returns to calm. The warning clears and safety holds for 3 seconds.,"No ordinary refill, spawning calm, restored save or new threat.",,Needs new recording,0,
L176,yes,Calm at last. Quite the performance.,dry,bad-joke,Hardcore stress returns to calm,Your critical stress warning visibly clears.,A personally experienced warning/critical episode returns to calm. The warning clears and safety holds for 3 seconds.,"No ordinary refill, spawning calm, restored save or new threat.",,Needs new recording,0,
L177,yes,Hands feel steady again. Good.,satisfied,practical,Hardcore stress returns to calm,Your critical stress warning visibly clears.,A personally experienced warning/critical episode returns to calm. The warning clears and safety holds for 3 seconds.,"No ordinary refill, spawning calm, restored save or new threat.",,Needs new recording,0,
L179,yes,The fear passes. I remember that much.,quiet,mystery,Hardcore stress returns to calm,Your critical stress warning visibly clears.,A personally experienced warning/critical episode returns to calm. The warning clears and safety holds for 3 seconds.,"No ordinary refill, spawning calm, restored save or new threat.",,Needs new recording,0,
L180,yes,Breathing easier. That's enough for now.,soft,vulnerable,Hardcore stress returns to calm,Your critical stress warning visibly clears.,A personally experienced warning/critical episode returns to calm. The warning clears and safety holds for 3 seconds.,"No ordinary refill, spawning calm, restored save or new threat.",,Needs new recording,0,
L181,yes,Quite a haul. My back noticed.,weary,relatable,A substantial haul,A fresh pickup fills the bag's visual indicator.,Fresh material collection crosses the bag HUD's top visual band after a meaningful haul; its pickup/bag feedback is visible.,"Visual fullness is not a carrying limit. No blocked-inventory claims, forced-selling advice or restored inventory.",,Needs new recording,0,
L182,yes,That's a lot of ore.,impressed,practical,A substantial haul,A fresh pickup fills the bag's visual indicator.,Fresh material collection crosses the bag HUD's top visual band after a meaningful haul; its pickup/bag feedback is visible.,"Visual fullness is not a carrying limit. No blocked-inventory claims, forced-selling advice or restored inventory.",,Needs new recording,0,
L183,yes,Bag's earning its keep today.,pleased,work,A substantial haul,A fresh pickup fills the bag's visual indicator.,Fresh material collection crosses the bag HUD's top visual band after a meaningful haul; its pickup/bag feedback is visible.,"Visual fullness is not a carrying limit. No blocked-inventory claims, forced-selling advice or restored inventory.",,Needs new recording,0,
L184,yes,A proper haul. Mostly honest work.,crooked,dark-humour,A substantial haul,A fresh pickup fills the bag's visual indicator.,Fresh material collection crosses the bag HUD's top visual band after a meaningful haul; its pickup/bag feedback is visible.,"Visual fullness is not a carrying limit. No blocked-inventory claims, forced-selling advice or restored inventory.",,Needs new recording,0,
L185,yes,All that ore. Supper's looking better.,hopeful,relatable,A substantial haul,A fresh pickup fills the bag's visual indicator.,Fresh material collection crosses the bag HUD's top visual band after a meaningful haul; its pickup/bag feedback is visible.,"Visual fullness is not a carrying limit. No blocked-inventory claims, forced-selling advice or restored inventory.",,Needs new recording,0,
L186,yes,That's enough ore to brag about.,proud,relatable,A substantial haul,A fresh pickup fills the bag's visual indicator.,Fresh material collection crosses the bag HUD's top visual band after a meaningful haul; its pickup/bag feedback is visible.,"Visual fullness is not a carrying limit. No blocked-inventory claims, forced-selling advice or restored inventory.",,Needs new recording,0,
L187,yes,Quite a load. I volunteered for this.,resigned,bad-joke,A substantial haul,A fresh pickup fills the bag's visual indicator.,Fresh material collection crosses the bag HUD's top visual band after a meaningful haul; its pickup/bag feedback is visible.,"Visual fullness is not a carrying limit. No blocked-inventory claims, forced-selling advice or restored inventory.",,Needs new recording,0,
L188,yes,Look at that haul. Worth the dirt.,satisfied,work,A substantial haul,A fresh pickup fills the bag's visual indicator.,Fresh material collection crosses the bag HUD's top visual band after a meaningful haul; its pickup/bag feedback is visible.,"Visual fullness is not a carrying limit. No blocked-inventory claims, forced-selling advice or restored inventory.",,Needs new recording,0,
L189,yes,Bag's looking profitable. Finally.,amused,work,A substantial haul,A fresh pickup fills the bag's visual indicator.,Fresh material collection crosses the bag HUD's top visual band after a meaningful haul; its pickup/bag feedback is visible.,"Visual fullness is not a carrying limit. No blocked-inventory claims, forced-selling advice or restored inventory.",,Needs new recording,0,
L190,yes,A good haul. Don't get greedy.,self-reassuring,practical,A substantial haul,A fresh pickup fills the bag's visual indicator.,Fresh material collection crosses the bag HUD's top visual band after a meaningful haul; its pickup/bag feedback is visible.,"Visual fullness is not a carrying limit. No blocked-inventory claims, forced-selling advice or restored inventory.",,Needs new recording,0,
L192,yes,This haul deserves a sit-down.,weary,relatable,A substantial haul,A fresh pickup fills the bag's visual indicator.,Fresh material collection crosses the bag HUD's top visual band after a meaningful haul; its pickup/bag feedback is visible.,"Visual fullness is not a carrying limit. No blocked-inventory claims, forced-selling advice or restored inventory.",,Needs new recording,0,
L196,yes,"Town again. Gods, I need a chair.",relieved,relatable,Back in Town after a deep trip,You emerge into Town after going at least 300 metres deep.,A real deep expedition ends with a committed return summary. The player is above ground and Town is visible.,"No short surface loop, underground teleport, menu, shop or NPC conversation. Daylight lines additionally require daylight.",,Needs new recording,0,
L197,yes,Back in Town. Try looking respectable.,self-conscious,bad-joke,Back in Town after a deep trip,You emerge into Town after going at least 300 metres deep.,A real deep expedition ends with a committed return summary. The player is above ground and Town is visible.,"No short surface loop, underground teleport, menu, shop or NPC conversation. Daylight lines additionally require daylight.",,Needs new recording,0,
L198,yes,There's Town. I missed this air.,warm,warmth,Back in Town after a deep trip,You emerge into Town after going at least 300 metres deep.,A real deep expedition ends with a committed return summary. The player is above ground and Town is visible.,"No short surface loop, underground teleport, menu, shop or NPC conversation. Daylight lines additionally require daylight.",,Needs new recording,0,
L199,yes,Made it back. That's the important bit.,relieved,practical,Back in Town after a deep trip,You emerge into Town after going at least 300 metres deep.,A real deep expedition ends with a committed return summary. The player is above ground and Town is visible.,"No short surface loop, underground teleport, menu, shop or NPC conversation. Daylight lines additionally require daylight.",,Needs new recording,0,
L200,yes,Home for now. Don't make it complicated.,soft,mystery,Back in Town after a deep trip,You emerge into Town after going at least 300 metres deep.,A real deep expedition ends with a committed return summary. The player is above ground and Town is visible.,"No short surface loop, underground teleport, menu, shop or NPC conversation. Daylight lines additionally require daylight.",,Needs new recording,0,
L201,yes,Back above ground. My shoulders thank me.,weary,relatable,Back in Town after a deep trip,You emerge into Town after going at least 300 metres deep.,A real deep expedition ends with a committed return summary. The player is above ground and Town is visible.,"No short surface loop, underground teleport, menu, shop or NPC conversation. Daylight lines additionally require daylight.",,Needs new recording,0,
L202,yes,Town. A beautiful place to stop working.,amused,work,Back in Town after a deep trip,You emerge into Town after going at least 300 metres deep.,A real deep expedition ends with a committed return summary. The player is above ground and Town is visible.,"No short surface loop, underground teleport, menu, shop or NPC conversation. Daylight lines additionally require daylight.",,Needs new recording,0,
L203,yes,Back in one piece. More or less.,wry,dark-humour,Back in Town after a deep trip,You emerge into Town after going at least 300 metres deep.,A real deep expedition ends with a committed return summary. The player is above ground and Town is visible.,"No short surface loop, underground teleport, menu, shop or NPC conversation. Daylight lines additionally require daylight.",,Needs new recording,0,
L206,yes,"Well, that upgrade wasn't cheap.",dry,work,A meaningful upgrade bought,The successful upgrade purchase confirmation appears.,"A deliberate purchase succeeds, spends at least 20% of the previous wallet and shows its confirmation. The merchant is not speaking.","No shop entry, failed purchase, free grant, restored upgrade or repeat click. Drop if NPC dialogue owns the moment.",,Needs new recording,0,
L207,yes,Upgrade paid for. Better earn its keep.,resolute,work,A meaningful upgrade bought,The successful upgrade purchase confirmation appears.,"A deliberate purchase succeeds, spends at least 20% of the previous wallet and shows its confirmation. The merchant is not speaking.","No shop entry, failed purchase, free grant, restored upgrade or repeat click. Drop if NPC dialogue owns the moment.",,Needs new recording,0,
L208,yes,New upgrade. Old spending problem.,amused,bad-joke,A meaningful upgrade bought,The successful upgrade purchase confirmation appears.,"A deliberate purchase succeeds, spends at least 20% of the previous wallet and shows its confirmation. The merchant is not speaking.","No shop entry, failed purchase, free grant, restored upgrade or repeat click. Drop if NPC dialogue owns the moment.",,Needs new recording,0,
L209,yes,That's bought. Try calling it an investment.,self-conscious,relatable,A meaningful upgrade bought,The successful upgrade purchase confirmation appears.,"A deliberate purchase succeeds, spends at least 20% of the previous wallet and shows its confirmation. The merchant is not speaking.","No shop entry, failed purchase, free grant, restored upgrade or repeat click. Drop if NPC dialogue owns the moment.",,Needs new recording,0,
L210,yes,Upgrade's mine. Wallet needs a moment.,rueful,bad-joke,A meaningful upgrade bought,The successful upgrade purchase confirmation appears.,"A deliberate purchase succeeds, spends at least 20% of the previous wallet and shows its confirmation. The merchant is not speaking.","No shop entry, failed purchase, free grant, restored upgrade or repeat click. Drop if NPC dialogue owns the moment.",,Needs new recording,0,
L211,yes,Bought myself a little more ambition.,pleased,relatable,A meaningful upgrade bought,The successful upgrade purchase confirmation appears.,"A deliberate purchase succeeds, spends at least 20% of the previous wallet and shows its confirmation. The merchant is not speaking.","No shop entry, failed purchase, free grant, restored upgrade or repeat click. Drop if NPC dialogue owns the moment.",,Needs new recording,0,
L212,yes,Upgrade paid. Complaining is still free.,dry,bad-joke,A meaningful upgrade bought,The successful upgrade purchase confirmation appears.,"A deliberate purchase succeeds, spends at least 20% of the previous wallet and shows its confirmation. The merchant is not speaking.","No shop entry, failed purchase, free grant, restored upgrade or repeat click. Drop if NPC dialogue owns the moment.",,Needs new recording,0,
L213,yes,That upgrade cost actual evenings.,weary,work,A meaningful upgrade bought,The successful upgrade purchase confirmation appears.,"A deliberate purchase succeeds, spends at least 20% of the previous wallet and shows its confirmation. The merchant is not speaking.","No shop entry, failed purchase, free grant, restored upgrade or repeat click. Drop if NPC dialogue owns the moment.",,Needs new recording,0,
L214,yes,A new upgrade. Let's make it count.,steady,practical,A meaningful upgrade bought,The successful upgrade purchase confirmation appears.,"A deliberate purchase succeeds, spends at least 20% of the previous wallet and shows its confirmation. The merchant is not speaking.","No shop entry, failed purchase, free grant, restored upgrade or repeat click. Drop if NPC dialogue owns the moment.",,Needs new recording,0,
L215,yes,Bought it. I do deserve something nice.,soft,relatable,A meaningful upgrade bought,The successful upgrade purchase confirmation appears.,"A deliberate purchase succeeds, spends at least 20% of the previous wallet and shows its confirmation. The merchant is not speaking.","No shop entry, failed purchase, free grant, restored upgrade or repeat click. Drop if NPC dialogue owns the moment.",,Needs new recording,0,
L216,yes,Upgrade secured. My debts will understand.,crooked,dark-humour,A meaningful upgrade bought,The successful upgrade purchase confirmation appears.,"A deliberate purchase succeeds, spends at least 20% of the previous wallet and shows its confirmation. The merchant is not speaking.","No shop entry, failed purchase, free grant, restored upgrade or repeat click. Drop if NPC dialogue owns the moment.",,Needs new recording,0,
L219,yes,A level gained. I'll take the compliment.,pleased,relatable,Level gained,The level-up effect and new level appear.,Gameplay XP increases the level and the level-up effect is visible. Multiple levels from one award count as one moment.,"No every-XP trigger, loaded level or character selection.",,Needs new recording,0,
L220,yes,Level up. Trying looks good on me.,proud,relatable,Level gained,The level-up effect and new level appear.,Gameplay XP increases the level and the level-up effect is visible. Multiple levels from one award count as one moment.,"No every-XP trigger, loaded level or character selection.",,Needs new recording,0,
L221,yes,Another level. Earned that one.,satisfied,practical,Level gained,The level-up effect and new level appear.,Gameplay XP increases the level and the level-up effect is visible. Multiple levels from one award count as one moment.,"No every-XP trigger, loaded level or character selection.",,Needs new recording,0,
L222,yes,Level gained. Don't ruin it by boasting.,self-conscious,relatable,Level gained,The level-up effect and new level appear.,Gameplay XP increases the level and the level-up effect is visible. Multiple levels from one award count as one moment.,"No every-XP trigger, loaded level or character selection.",,Needs new recording,0,
L223,yes,A new level. Same expensive habits.,wry,relatable,Level gained,The level-up effect and new level appear.,Gameplay XP increases the level and the level-up effect is visible. Multiple levels from one award count as one moment.,"No every-XP trigger, loaded level or character selection.",,Needs new recording,0,
L224,yes,Another level. Maybe I'm getting somewhere.,hopeful,warmth,Level gained,The level-up effect and new level appear.,Gameplay XP increases the level and the level-up effect is visible. Multiple levels from one award count as one moment.,"No every-XP trigger, loaded level or character selection.",,Needs new recording,0,
L227,yes,Another level. I remember starting over.,quiet,mystery,Level gained,The level-up effect and new level appear.,Gameplay XP increases the level and the level-up effect is visible. Multiple levels from one award count as one moment.,"No every-XP trigger, loaded level or character selection.",,Needs new recording,0,
L228,yes,Level up. Breakfast would still help.,weary,bad-joke,Level gained,The level-up effect and new level appear.,Gameplay XP increases the level and the level-up effect is visible. Multiple levels from one award count as one moment.,"No every-XP trigger, loaded level or character selection.",,Needs new recording,0,
L229,yes,New talent. That's worth learning.,pleased,practical,New talent learned,A newly purchased talent lights up.,An intentional first-rank talent purchase succeeds and the new unlocked state is visible. Tutorial/narration has finished.,"No hover, repeated rank, locked node, debug grant or hidden change. Do not claim a physical effect before use.",,Needs new recording,0,
L230,yes,A new trick. Try looking modest.,playful,relatable,New talent learned,A newly purchased talent lights up.,An intentional first-rank talent purchase succeeds and the new unlocked state is visible. Tutorial/narration has finished.,"No hover, repeated rank, locked node, debug grant or hidden change. Do not claim a physical effect before use.",,Needs new recording,0,
L232,yes,Learned something new. At my age.,surprised,relatable,New talent learned,A newly purchased talent lights up.,An intentional first-rank talent purchase succeeds and the new unlocked state is visible. Tutorial/narration has finished.,"No hover, repeated rank, locked node, debug grant or hidden change. Do not claim a physical effect before use.",,Needs new recording,0,
L233,yes,That talent's mine. Let's use it wisely.,steady,practical,New talent learned,A newly purchased talent lights up.,An intentional first-rank talent purchase succeeds and the new unlocked state is visible. Tutorial/narration has finished.,"No hover, repeated rank, locked node, debug grant or hidden change. Do not claim a physical effect before use.",,Needs new recording,0,
L234,yes,A new talent. I had room for one.,amused,bad-joke,New talent learned,A newly purchased talent lights up.,An intentional first-rank talent purchase succeeds and the new unlocked state is visible. Tutorial/narration has finished.,"No hover, repeated rank, locked node, debug grant or hidden change. Do not claim a physical effect before use.",,Needs new recording,0,
L235,yes,One more thing I shouldn't know.,quiet,mystery,New talent learned,A newly purchased talent lights up.,An intentional first-rank talent purchase succeeds and the new unlocked state is visible. Tutorial/narration has finished.,"No hover, repeated rank, locked node, debug grant or hidden change. Do not claim a physical effect before use.",,Needs new recording,0,
L237,yes,New talent. I might surprise myself.,hopeful,relatable,New talent learned,A newly purchased talent lights up.,An intentional first-rank talent purchase succeeds and the new unlocked state is visible. Tutorial/narration has finished.,"No hover, repeated rank, locked node, debug grant or hidden change. Do not claim a physical effect before use.",,Needs new recording,0,
L238,yes,Talent unlocked. Hard work occasionally pays.,satisfied,work,New talent learned,A newly purchased talent lights up.,An intentional first-rank talent purchase succeeds and the new unlocked state is visible. Tutorial/narration has finished.,"No hover, repeated rank, locked node, debug grant or hidden change. Do not claim a physical effect before use.",,Needs new recording,0,
L240,yes,New talent. Better than another bad habit.,wry,relatable,New talent learned,A newly purchased talent lights up.,An intentional first-rank talent purchase succeeds and the new unlocked state is visible. Tutorial/narration has finished.,"No hover, repeated rank, locked node, debug grant or hidden change. Do not claim a physical effect before use.",,Needs new recording,0,
L241,yes,Blessing's lit. That's better.,relieved,warmth,Campfire blessing ignited,You deliberately ignite a blessing at the fire.,A deliberate campfire-menu action spends a charge and activates a blessing. Ignition is visible and the player remains nearby.,"No automatic refill, walking past, menu opening or failed activation.",,Needs new recording,0,
L242,yes,A blessing. I'll accept the help.,soft,vulnerable,Campfire blessing ignited,You deliberately ignite a blessing at the fire.,A deliberate campfire-menu action spends a charge and activates a blessing. Ignition is visible and the player remains nearby.,"No automatic refill, walking past, menu opening or failed activation.",,Needs new recording,0,
L243,yes,Fire's blessing. Warmth with benefits.,amused,bad-joke,Campfire blessing ignited,You deliberately ignite a blessing at the fire.,A deliberate campfire-menu action spends a charge and activates a blessing. Ignition is visible and the player remains nearby.,"No automatic refill, walking past, menu opening or failed activation.",,Needs new recording,0,
L244,yes,"Blessing taken. Thank you, old friend.",tender,mystery,Campfire blessing ignited,You deliberately ignite a blessing at the fire.,A deliberate campfire-menu action spends a charge and activates a blessing. Ignition is visible and the player remains nearby.,"No automatic refill, walking past, menu opening or failed activation.",,Needs new recording,0,
L245,yes,That blessing feels like a second chance.,reflective,warmth,Campfire blessing ignited,You deliberately ignite a blessing at the fire.,A deliberate campfire-menu action spends a charge and activates a blessing. Ignition is visible and the player remains nearby.,"No automatic refill, walking past, menu opening or failed activation.",,Needs new recording,0,
L246,yes,Blessing's burning. Let's make it count.,resolute,practical,Campfire blessing ignited,You deliberately ignite a blessing at the fire.,A deliberate campfire-menu action spends a charge and activates a blessing. Ignition is visible and the player remains nearby.,"No automatic refill, walking past, menu opening or failed activation.",,Needs new recording,0,
L247,yes,A blessing. Even I need looking after.,self-conscious,relatable,Campfire blessing ignited,You deliberately ignite a blessing at the fire.,A deliberate campfire-menu action spends a charge and activates a blessing. Ignition is visible and the player remains nearby.,"No automatic refill, walking past, menu opening or failed activation.",,Needs new recording,0,
L248,yes,"Thank you, fire. I needed the blessing.",warm,warmth,Campfire blessing ignited,You deliberately ignite a blessing at the fire.,A deliberate campfire-menu action spends a charge and activates a blessing. Ignition is visible and the player remains nearby.,"No automatic refill, walking past, menu opening or failed activation.",,Needs new recording,0,
L249,yes,Blessing lit. Almost feels like being welcome.,wistful,mystery,Campfire blessing ignited,You deliberately ignite a blessing at the fire.,A deliberate campfire-menu action spends a charge and activates a blessing. Ignition is visible and the player remains nearby.,"No automatic refill, walking past, menu opening or failed activation.",,Needs new recording,0,
L251,yes,Blessing's ready. Back to earning it.,steady,work,Campfire blessing ignited,You deliberately ignite a blessing at the fire.,A deliberate campfire-menu action spends a charge and activates a blessing. Ignition is visible and the player remains nearby.,"No automatic refill, walking past, menu opening or failed activation.",,Needs new recording,0,
L253,yes,Bigger fire. Better company.,warm,warmth,Campfire grows,The upgraded campfire visibly becomes larger.,A successful tier upgrade commits. The growth reveal finishes and the larger flame remains visible.,"No flicker, routine blessing, loaded state or hidden upgrade. One reaction if the tree also grows.",,Needs new recording,0,
L254,yes,Look at that fire grow.,awed,practical,Campfire grows,The upgraded campfire visibly becomes larger.,A successful tier upgrade commits. The growth reveal finishes and the larger flame remains visible.,"No flicker, routine blessing, loaded state or hidden upgrade. One reaction if the tree also grows.",,Needs new recording,0,
L255,yes,A proper flame now. Good.,pleased,warmth,Campfire grows,The upgraded campfire visibly becomes larger.,A successful tier upgrade commits. The growth reveal finishes and the larger flame remains visible.,"No flicker, routine blessing, loaded state or hidden upgrade. One reaction if the tree also grows.",,Needs new recording,0,
L256,yes,Fire's grown. I helped with that.,proud,relatable,Campfire grows,The upgraded campfire visibly becomes larger.,A successful tier upgrade commits. The growth reveal finishes and the larger flame remains visible.,"No flicker, routine blessing, loaded state or hidden upgrade. One reaction if the tree also grows.",,Needs new recording,0,
L257,yes,Bigger flame. Bigger excuse to sit.,amused,bad-joke,Campfire grows,The upgraded campfire visibly becomes larger.,A successful tier upgrade commits. The growth reveal finishes and the larger flame remains visible.,"No flicker, routine blessing, loaded state or hidden upgrade. One reaction if the tree also grows.",,Needs new recording,0,
L258,yes,"There you go, fire. Room to breathe.",tender,warmth,Campfire grows,The upgraded campfire visibly becomes larger.,A successful tier upgrade commits. The growth reveal finishes and the larger flame remains visible.,"No flicker, routine blessing, loaded state or hidden upgrade. One reaction if the tree also grows.",,Needs new recording,0,
L259,yes,Fire's bigger. The welcome feels warmer.,relieved,warmth,Campfire grows,The upgraded campfire visibly becomes larger.,A successful tier upgrade commits. The growth reveal finishes and the larger flame remains visible.,"No flicker, routine blessing, loaded state or hidden upgrade. One reaction if the tree also grows.",,Needs new recording,0,
L260,yes,Flame's grown. Try not to look proud.,self-conscious,relatable,Campfire grows,The upgraded campfire visibly becomes larger.,A successful tier upgrade commits. The growth reveal finishes and the larger flame remains visible.,"No flicker, routine blessing, loaded state or hidden upgrade. One reaction if the tree also grows.",,Needs new recording,0,
L261,yes,A bigger fire. Beats a bigger debt.,dry,bad-joke,Campfire grows,The upgraded campfire visibly becomes larger.,A successful tier upgrade commits. The growth reveal finishes and the larger flame remains visible.,"No flicker, routine blessing, loaded state or hidden upgrade. One reaction if the tree also grows.",,Needs new recording,0,
L262,yes,That flame remembers how to grow.,quiet,mystery,Campfire grows,The upgraded campfire visibly becomes larger.,A successful tier upgrade commits. The growth reveal finishes and the larger flame remains visible.,"No flicker, routine blessing, loaded state or hidden upgrade. One reaction if the tree also grows.",,Needs new recording,0,
L263,yes,Bigger fire. Someone's doing well.,fond,warmth,Campfire grows,The upgraded campfire visibly becomes larger.,A successful tier upgrade commits. The growth reveal finishes and the larger flame remains visible.,"No flicker, routine blessing, loaded state or hidden upgrade. One reaction if the tree also grows.",,Needs new recording,0,
L264,yes,Fire's growing. Worth what I spent.,satisfied,work,Campfire grows,The upgraded campfire visibly becomes larger.,A successful tier upgrade commits. The growth reveal finishes and the larger flame remains visible.,"No flicker, routine blessing, loaded state or hidden upgrade. One reaction if the tree also grows.",,Needs new recording,0,
L265,yes,"The tree's grown. Well done, old thing.",tender,warmth,Worldroot grows,The tree's silhouette visibly grows.,A new Worldroot growth stage becomes visible; its reveal finishes while the player can clearly see the tree.,"No swaying leaves, off-screen change, save restoration or second reaction to the same Campfire upgrade.",,Needs new recording,0,
L266,yes,Look at that tree. Still trying.,warm,relatable,Worldroot grows,The tree's silhouette visibly grows.,A new Worldroot growth stage becomes visible; its reveal finishes while the player can clearly see the tree.,"No swaying leaves, off-screen change, save restoration or second reaction to the same Campfire upgrade.",,Needs new recording,0,
L267,yes,Bigger tree. Better place to come back.,pleased,warmth,Worldroot grows,The tree's silhouette visibly grows.,A new Worldroot growth stage becomes visible; its reveal finishes while the player can clearly see the tree.,"No swaying leaves, off-screen change, save restoration or second reaction to the same Campfire upgrade.",,Needs new recording,0,
L268,yes,Worldroot's growing. I won't pretend I don't care.,soft,warmth,Worldroot grows,The tree's silhouette visibly grows.,A new Worldroot growth stage becomes visible; its reveal finishes while the player can clearly see the tree.,"No swaying leaves, off-screen change, save restoration or second reaction to the same Campfire upgrade.",,Needs new recording,0,
L269,yes,The tree grew. Show-off.,playful,bad-joke,Worldroot grows,The tree's silhouette visibly grows.,A new Worldroot growth stage becomes visible; its reveal finishes while the player can clearly see the tree.,"No swaying leaves, off-screen change, save restoration or second reaction to the same Campfire upgrade.",,Needs new recording,0,
L270,yes,More tree. Less reason to leave.,wistful,warmth,Worldroot grows,The tree's silhouette visibly grows.,A new Worldroot growth stage becomes visible; its reveal finishes while the player can clearly see the tree.,"No swaying leaves, off-screen change, save restoration or second reaction to the same Campfire upgrade.",,Needs new recording,0,
L271,yes,Tree's grown again. I remember it smaller.,reflective,mystery,Worldroot grows,The tree's silhouette visibly grows.,A new Worldroot growth stage becomes visible; its reveal finishes while the player can clearly see the tree.,"No swaying leaves, off-screen change, save restoration or second reaction to the same Campfire upgrade.",,Needs new recording,0,
L272,yes,Look at Worldroot grow. Stubborn as me.,fond,relatable,Worldroot grows,The tree's silhouette visibly grows.,A new Worldroot growth stage becomes visible; its reveal finishes while the player can clearly see the tree.,"No swaying leaves, off-screen change, save restoration or second reaction to the same Campfire upgrade.",,Needs new recording,0,
L273,yes,A bigger tree. Something's going right.,relieved,warmth,Worldroot grows,The tree's silhouette visibly grows.,A new Worldroot growth stage becomes visible; its reveal finishes while the player can clearly see the tree.,"No swaying leaves, off-screen change, save restoration or second reaction to the same Campfire upgrade.",,Needs new recording,0,
L274,yes,Worldroot's grown. I owe it a visit.,gentle,warmth,Worldroot grows,The tree's silhouette visibly grows.,A new Worldroot growth stage becomes visible; its reveal finishes while the player can clearly see the tree.,"No swaying leaves, off-screen change, save restoration or second reaction to the same Campfire upgrade.",,Needs new recording,0,
L275,yes,Tree's growing. Better management than my last job.,dry,bad-joke,Worldroot grows,The tree's silhouette visibly grows.,A new Worldroot growth stage becomes visible; its reveal finishes while the player can clearly see the tree.,"No swaying leaves, off-screen change, save restoration or second reaction to the same Campfire upgrade.",,Needs new recording,0,
L276,yes,The tree grew. I'll take some credit.,self-conscious,relatable,Worldroot grows,The tree's silhouette visibly grows.,A new Worldroot growth stage becomes visible; its reveal finishes while the player can clearly see the tree.,"No swaying leaves, off-screen change, save restoration or second reaction to the same Campfire upgrade.",,Needs new recording,0,
L277,yes,I like people. In manageable quantities.,dry,relatable,Rare wandering thoughts,A quiet thought; no event required.,"After 27-33 minutes of active, visible gameplay, choose one context-independent thought while the player is safe and all speech lanes are quiet.","No NPC/shop dialogue, cinematics, narration, danger, menus, pause or hidden tab. Never catch up missed lines.",,Needs new recording,0,
L278,yes,My best plans involve a chair.,weary,relatable,Rare wandering thoughts,A quiet thought; no event required.,"After 27-33 minutes of active, visible gameplay, choose one context-independent thought while the player is safe and all speech lanes are quiet.","No NPC/shop dialogue, cinematics, narration, danger, menus, pause or hidden tab. Never catch up missed lines.",,Needs new recording,0,
L279,yes,I tried retirement. Couldn't afford the hobby.,amused,bad-joke,Rare wandering thoughts,A quiet thought; no event required.,"After 27-33 minutes of active, visible gameplay, choose one context-independent thought while the player is safe and all speech lanes are quiet.","No NPC/shop dialogue, cinematics, narration, danger, menus, pause or hidden tab. Never catch up missed lines.",,Needs new recording,0,
L280,yes,I had another name. Never liked it.,confiding,mystery,Rare wandering thoughts,A quiet thought; no event required.,"After 27-33 minutes of active, visible gameplay, choose one context-independent thought while the player is safe and all speech lanes are quiet.","No NPC/shop dialogue, cinematics, narration, danger, menus, pause or hidden tab. Never catch up missed lines.",,Needs new recording,0,
L281,yes,"I should write home. Which one, though?",wistful,mystery,Rare wandering thoughts,A quiet thought; no event required.,"After 27-33 minutes of active, visible gameplay, choose one context-independent thought while the player is safe and all speech lanes are quiet.","No NPC/shop dialogue, cinematics, narration, danger, menus, pause or hidden tab. Never catch up missed lines.",,Needs new recording,0,
L282,yes,Clean socks. That's the real dream.,hopeful,relatable,Rare wandering thoughts,A quiet thought; no event required.,"After 27-33 minutes of active, visible gameplay, choose one context-independent thought while the player is safe and all speech lanes are quiet.","No NPC/shop dialogue, cinematics, narration, danger, menus, pause or hidden tab. Never catch up missed lines.",,Needs new recording,0,
L283,yes,I've been called worse. Usually by friends.,crooked,relatable,Rare wandering thoughts,A quiet thought; no event required.,"After 27-33 minutes of active, visible gameplay, choose one context-independent thought while the player is safe and all speech lanes are quiet.","No NPC/shop dialogue, cinematics, narration, danger, menus, pause or hidden tab. Never catch up missed lines.",,Needs new recording,0,
L284,yes,Still haven't learned to say no.,resigned,relatable,Rare wandering thoughts,A quiet thought; no event required.,"After 27-33 minutes of active, visible gameplay, choose one context-independent thought while the player is safe and all speech lanes are quiet.","No NPC/shop dialogue, cinematics, narration, danger, menus, pause or hidden tab. Never catch up missed lines.",,Needs new recording,0,
L285,yes,It wasn't a cult. We had snacks.,defensive,dark-humour,Rare wandering thoughts,A quiet thought; no event required.,"After 27-33 minutes of active, visible gameplay, choose one context-independent thought while the player is safe and all speech lanes are quiet.","No NPC/shop dialogue, cinematics, narration, danger, menus, pause or hidden tab. Never catch up missed lines.",,Needs new recording,0,
L286,yes,I had a digging joke. Buried it.,amused,bad-joke,Rare wandering thoughts,A quiet thought; no event required.,"After 27-33 minutes of active, visible gameplay, choose one context-independent thought while the player is safe and all speech lanes are quiet.","No NPC/shop dialogue, cinematics, narration, danger, menus, pause or hidden tab. Never catch up missed lines.",,Needs new recording,0,
L287,yes,Remind me to develop a cheaper personality.,wry,bad-joke,Rare wandering thoughts,A quiet thought; no event required.,"After 27-33 minutes of active, visible gameplay, choose one context-independent thought while the player is safe and all speech lanes are quiet.","No NPC/shop dialogue, cinematics, narration, danger, menus, pause or hidden tab. Never catch up missed lines.",,Needs new recording,0,
L289,yes,"Some nights, I remember a different moon.",wistful,mystery,Rare wandering thoughts,A quiet thought; no event required.,"After 27-33 minutes of active, visible gameplay, choose one context-independent thought while the player is safe and all speech lanes are quiet.","No NPC/shop dialogue, cinematics, narration, danger, menus, pause or hidden tab. Never catch up missed lines.",,Needs new recording,0,
L290,yes,I miss someone. That narrows it down.,soft,vulnerable,Rare wandering thoughts,A quiet thought; no event required.,"After 27-33 minutes of active, visible gameplay, choose one context-independent thought while the player is safe and all speech lanes are quiet.","No NPC/shop dialogue, cinematics, narration, danger, menus, pause or hidden tab. Never catch up missed lines.",,Needs new recording,0,
L293,yes,Nobody back home would believe this job.,reflective,mystery,Rare wandering thoughts,A quiet thought; no event required.,"After 27-33 minutes of active, visible gameplay, choose one context-independent thought while the player is safe and all speech lanes are quiet.","No NPC/shop dialogue, cinematics, narration, danger, menus, pause or hidden tab. Never catch up missed lines.",,Needs new recording,0,
L294,yes,I used to be taller. Long story.,confiding,mystery,Rare wandering thoughts,A quiet thought; no event required.,"After 27-33 minutes of active, visible gameplay, choose one context-independent thought while the player is safe and all speech lanes are quiet.","No NPC/shop dialogue, cinematics, narration, danger, menus, pause or hidden tab. Never catch up missed lines.",,Needs new recording,0,
L295,yes,I should charge extra for optimism.,amused,work,Rare wandering thoughts,A quiet thought; no event required.,"After 27-33 minutes of active, visible gameplay, choose one context-independent thought while the player is safe and all speech lanes are quiet.","No NPC/shop dialogue, cinematics, narration, danger, menus, pause or hidden tab. Never catch up missed lines.",,Needs new recording,0,
L296,yes,"I miss the sea. Strange, that.",soft,mystery,Rare wandering thoughts,A quiet thought; no event required.,"After 27-33 minutes of active, visible gameplay, choose one context-independent thought while the player is safe and all speech lanes are quiet.","No NPC/shop dialogue, cinematics, narration, danger, menus, pause or hidden tab. Never catch up missed lines.",,Needs new recording,0,
L297,yes,My reputation's worse than my cooking. Barely.,crooked,bad-joke,Rare wandering thoughts,A quiet thought; no event required.,"After 27-33 minutes of active, visible gameplay, choose one context-independent thought while the player is safe and all speech lanes are quiet.","No NPC/shop dialogue, cinematics, narration, danger, menus, pause or hidden tab. Never catch up missed lines.",,Needs new recording,0,
L298,yes,Don't tell anyone I enjoyed myself.,self-conscious,warmth,Rare wandering thoughts,A quiet thought; no event required.,"After 27-33 minutes of active, visible gameplay, choose one context-independent thought while the player is safe and all speech lanes are quiet.","No NPC/shop dialogue, cinematics, narration, danger, menus, pause or hidden tab. Never catch up missed lines.",,Needs new recording,0,
L299,yes,"I'd make a terrible saint. Good listener, though.",warm,dark-humour,Rare wandering thoughts,A quiet thought; no event required.,"After 27-33 minutes of active, visible gameplay, choose one context-independent thought while the player is safe and all speech lanes are quiet.","No NPC/shop dialogue, cinematics, narration, danger, menus, pause or hidden tab. Never catch up missed lines.",,Needs new recording,0,
L300,yes,I remember home. Just not its name.,quiet,mystery,Rare wandering thoughts,A quiet thought; no event required.,"After 27-33 minutes of active, visible gameplay, choose one context-independent thought while the player is safe and all speech lanes are quiet.","No NPC/shop dialogue, cinematics, narration, danger, menus, pause or hidden tab. Never catch up missed lines.",,Needs new recording,0,
